기자 이름,월간 기사 작성 건수
강국진 기자,79
박홍규 기자,None
박종익 기자,64
신진호 기자,75
이영준 기자,34
손지연 기자,42
황수정 기자,None
김상현 기자,None
진경호 기자,None
이경주 기자,None
곽소영 기자,40
강윤혁 기자,30
오명숙 기자,None
허백윤 기자,50
김주연 기자,40
손원천 기자,48
이지운 기자,None
송현서 기자,90
백민경 기자,None
김명국 기자,None
이종익 기자,96
박성국 기자,27
박상연 기자,40
조현석 기자,13
서미애 기자,78
윤태희 기자,53
한준규 기자,28
김민석 기자,85
이범수 기자,33
문소영 기자,None
김동현 기자,110
이호정 기자,None
홍희경 기자,19
장형우 기자,33
이종락 기자,None
정연호 기자,None
서유미 기자,129
이순녀 기자,42
주현진 기자,None
박성원 기자,None
문경근 기자,136
안미현 기자,None
최여경 기자,None
명희진 기자,62
최종필 기자,72
임송학 기자,46
박은서 기자,60
김지예 기자,23
홍윤기 기자,20
최재성 기자,36
윤수경 기자,36
이경우 기자,None
김정호 기자,61
박정훈 기자,56
하종훈 기자,41
최치봉 기자,None
민경석 기자,129
임일영 기자,None
이기철 기자,76
김기중 기자,50
김중래 기자,32
손지은 기자,41
김현이 기자,None
박승기 기자,52
유용하 기자,46
이보희 기자,172
박기석 기자,30
이민영 기자,56
강동삼 기자,77
임주형 기자,10
이현정 기자,35
곽진웅 기자,74
최병규 기자,None
조중헌 기자,37
이두걸 기자,None
김헌주 기자,44
백서연 기자,15
김민지 기자,93
박현갑 기자,None
김유민 기자,None
김주환 기자,60
하승연 기자,184
유승혁 기자,13
강신 기자,126
강주리 기자,24
최재헌 기자,None
한찬규 기자,None
송수연 기자,20
황비웅 기자,10
김상화 기자,67
윤창수 기자,61
도준석 기자,12
김가현 기자,43
이제훈 기자,65
안석 기자,69
유규상 기자,32
임승범 기자,None
김성은 기자,24
홍인기 기자,None
손진호 기자,None
안주영 기자,None
민나리 기자,28
김희리 기자,38
안승순 기자,221
옥성구 기자,33
한상봉 기자,41
오장환 기자,20
김채현 기자,None
김경두 기자,None
이창구 기자,None
설정욱 기자,63
류재민 기자,121
이은주 기자,11
명종원 기자,26
이정수 기자,168
박재홍 기자,None
이천열 기자,47
김소희 기자,31
정철욱 기자,77
권윤희 기자,189
김서호 기자,54
윤예림 기자,None
김형우 기자,None
이성진 기자,None
고혜지 기자,47
황성기 기자,None
김우진 기자,24
이재연 기자,49
임태환 기자,104
서진솔 기자,123
오경진 기자,36
김영중 기자,None
김태균 기자,None
남인우 기자,35
홍지민 기자,111
김예슬 기자,91
조희선 기자,187
김상연 기자,None
송현주 기자,10
최광숙 기자,None
이창언 기자,137
이주원 기자,None
황인주 기자,52
박지환 기자,19
정서린 기자,None
장진복 기자,31
김형엽 기자,58
홍행기 기자,59
김미경 기자,None
정현용 기자,None
김종선 기자,None
류지영 기자,56
전경하 기자,None
안동환 기자,None
김성수 기자,None
유영규 기자,None
강병철 기자,None
한지은 기자,31
신동원 기자,159
최영권 기자,72
김진아 기자,59
강동용 기자,39
김소라 기자,156
신융아 기자,29
류지홍 기자,75
채명준 기자,70
송은아 기자,57
박성준 기자,None
배민영 기자,60
이지민 기자,66
주춘렬 기자,None
유경민 기자,61
박세준 기자,44
배소영 기자,73
안용성 기자,70
장한서 기자,101
정지혜 기자,51
이우중 기자,36
박영준 기자,57
한윤종 기자,745
김선덕 기자,57
이예림 기자,73
이동준 기자,137
남정훈 기자,195
김선영 기자,None
한현묵 기자,56
이귀전 기자,None
황정미 기자,None
김정모 기자,99
유태영 기자,54
이제원 기자,47
양다훈 기자,211
남제현 기자,14
김경호 기자,247
강승훈 기자,71
구현모 기자,55
서필웅 기자,52
이민경 기자,55
이우승 기자,None
이지안 기자,47
송동근 기자,47
박희준 기자,None
이도형 기자,88
이희경 기자,72
박종현 기자,None
윤성연 기자,None
조성민 기자,65
장혜진 기자,27
김덕용 기자,168
김수연 기자,174
이재문 기자,26
이정한 기자,37
안승진 기자,71
박유빈 기자,62
김신성 기자,11
김주영 기자,62
김청중 기자,None
이정우 기자,41
김건호 기자,82
윤솔 기자,69
김나현 기자,37
박지원 기자,95
이동수 기자,61
구윤모 기자,64
배상철 기자,113
허정호 기자,None
윤준호 기자,60
김유나 기자,31
백소용 기자,113
권이선 기자,53
최현태 기자,20
김수미 기자,46
김병관 기자,46
이천종 기자,None
김범수 기자,46
김예진 기자,44
박진영 기자,49
박찬준 기자,None
이현미 기자,56
나기천 기자,16
서상배 기자,None
김동환 기자,185
이강은 기자,51
조병욱 기자,103
김희원 기자,None
김동욱 기자,69
정필재 기자,78
김태훈 기자,68
이종민 기자,49
송용준 기자,None
이복진 기자,89
김지호 기자,179
이상혁 기자,None
박수찬 기자,81
송민섭 기자,None
임성준 기자,77
박미영 기자,64
이영균 기자,226
이규희 기자,52
김현우 기자,34
정진수 기자,43
윤교근 기자,42
강구열 기자,44
이진경 기자,114
유지혜 기자,40
오성택 기자,92
백준무 기자,31
이병훈 기자,54
강은선 기자,56
우상규 기자,None
엄형준 기자,None
강승우 기자,75
박태해 기자,None
현화영 기자,None
조희연 기자,36
김용출 기자,26
홍주형 기자,30
안경준 기자,87
박연직 기자,37
김현주 기자,None
박윤희 기자,294
최상수 기자,66
김승환 기자,115
박병진 기자,None
권구성 기자,None
이보람 기자,11
정재영 기자,47
조남규 기자,None
최우석 기자,57
김기환 기자,224
남정탁 기자,44
오상도 기자,90
