언론사,날짜,랭킹,기사 제목,기자 이름,기사 섹션,월간 기사 작성 건수
서울신문,20240713,1,"“100억에 샀는데…” ‘청담동 건물주’ 윤아, 6년만에 대박났다",윤예림 기자,경제,0
서울신문,20240713,2,68만원에 ‘해외캠프’…신나서 갔더니 아침마다 동상 청소,김유민 기자,세계,0
서울신문,20240713,3,‘성인방송 강요’에 딸 잃은 父…상의 찢고 “가만히 안 놔둬” 절규,윤예림 기자,사회,0
서울신문,20240713,4,“남자는 軍복무 4개월 더 해라”…의무복무 3년으로 늘어난 ‘이 나라’,김민지 기자,세계,93
서울신문,20240713,5,여행 가 ‘식물인간’ 된 딸…엄마는 “딸 죽고 범인은 출소해 사람처럼 살 거 생각하니”[전국부 사건창고],이천열 기자,사회,47
서울신문,20240713,6,“소개팅할 때 ‘못생긴男’ 데려가세요”…일본 ‘추남 대여’ 가격은,김민지 기자,세계,93
서울신문,20240713,7,"이근 “쯔양 녹취록, 내가 구제역 핸드폰 박살 내 유출”",문경근 기자,사회,136
서울신문,20240713,8,"“급발진 이렇게 많았나”…며느리·손자 태운 70대 운전자, 또 들이받았다",이보희 기자,사회,172
서울신문,20240713,9,집안일해주러 온 80대母 때려 숨지게 한 아들…TV 시청 ‘공분’,김유민 기자,사회,0
서울신문,20240713,10,"“변호인과도 연락 어려워”…쯔양, 안타까운 상태 전해졌다",김유민 기자,사회,0
서울신문,20240714,1,68만원에 ‘해외캠프’…신나서 갔더니 아침마다 동상 청소,김유민 기자,세계,0
서울신문,20240714,2,"“급발진 이렇게 많았나”…며느리·손자 태운 70대 운전자, 또 들이받았다",이보희 기자,사회,172
서울신문,20240714,3,"“총격범, 펜실베이니아 출신 20세 남성…FBI, 신원확인”",신진호 기자,세계,75
서울신문,20240714,4,이동국도 입 열었다…“누구보다 노력한 사람한테 ‘법적 대응’이라니”,조희선 기자,사회,187
서울신문,20240714,5,“남자는 軍복무 4개월 더 해라”…의무복무 3년으로 늘어난 ‘이 나라’,김민지 기자,세계,93
서울신문,20240714,6,‘스태프에 갑질 논란’ 이번엔 레드벨벳 슬기…“제가 부주의했다”,신진호 기자,생활,75
서울신문,20240714,7,"카라큘라 “쯔양, 내 억울함 풀어달라…금전 요구 안 해”",문경근 기자,사회,136
서울신문,20240714,8,스타벅스 25년 전 가격으로…아메리카노 가격 실화냐?,문경근 기자,경제,136
서울신문,20240714,9,‘쯔양 협박’ 의혹 구제역 “황금폰 제출하고 검찰 자진 출석”,하승연 기자,사회,184
서울신문,20240714,10,"백종원, ‘손석희 인터뷰’로도 연돈볼카츠 갈등 잠재우지 못했다",신진호 기자,경제,75
서울신문,20240715,1,명문대 나와 요양원 가는 ‘최악 취업난’…이력서 티셔츠 통했다,김유민 기자,세계,0
서울신문,20240715,2,“기름 나오는데 또?” 대박난 산유국…‘거대 유전’ 잭팟 터졌다,윤예림 기자,세계,0
서울신문,20240715,3,"중년 여성, 대낮에 반나체로 거리 활보… ‘충격’",문경근 기자,사회,136
서울신문,20240715,4,“평범한 소년이었다” “왕따 당해”…트럼프 저격男 동창들 평가 엇갈려,류재민 기자,세계,121
서울신문,20240715,5,"‘밀양 성폭행’ 가해자, 얼굴 내놓고 공개 사과 “평생 반성할 것”",이정수 기자,사회,168
서울신문,20240715,6,“신입 초봉이 무려?” 평균연봉 5천만원↑ 효과…역대급이라는 ‘현대차’ 임금,김민지 기자,경제,93
서울신문,20240715,7,"국과수, ‘서울시청역 참사’ 운전자 과실 판단",김소라 기자,사회,156
서울신문,20240715,8,"한국女와 결혼한 파키스탄男, 현지처 숨기고 귀화한 뒤 이혼…결말은?",권윤희 기자,사회,189
서울신문,20240715,9,"개그맨 K씨, 새벽 음주 운전 전복사고… 면허취소 수준",문경근 기자,사회,136
서울신문,20240715,10,“차마 말 안 나와”…조원희도 ‘박주호 법적 대응’ 축구협회 직격,조희선 기자,사회,187
서울신문,20240716,1,명문대 나와 요양원 가는 ‘최악 취업난’…이력서 티셔츠 통했다,김유민 기자,세계,0
서울신문,20240716,2,“기름 나오는데 또?” 대박난 산유국…‘거대 유전’ 잭팟 터졌다,윤예림 기자,세계,0
서울신문,20240716,3,“4만6000원은?”…성과금 1700만원 보내고 욕먹은 남편 [이슈픽],이보희 기자,사회,172
서울신문,20240716,4,"귀에 붕대 감은 트럼프, “싸우자” 외치자 ‘주먹 불끈’",김소라 기자,세계,156
서울신문,20240716,5,"‘쯔양 협박’ 레커 3인, 유튜브 돈줄 막혔다",민나리 기자,사회,28
서울신문,20240716,6,"20년 무명 딛고 트로트 4대 천왕…현철, 오랜 투병 끝 별세",김유민 기자,생활,0
서울신문,20240716,7,“손 넣어 가슴 만져달라” 압구정·홍대 활보하던 일당… 결국 법정 선다,이정수 기자,사회,168
서울신문,20240716,8,‘월 238만원’ 필리핀 이모님 부담되네… 최저임금 적용 논란,유승혁 기자,사회,13
서울신문,20240716,9,“동남아 마사지 받았다가 수술” 7000원 업소 간 남성의 후회,이정수 기자,사회,168
서울신문,20240716,10,“유튜브 XX들 깡패” “수익 정지되면 어떡하게” 구제역·카라큘라 대화 현실로,류재민 기자,사회,121
서울신문,20240717,1,"“백종원, 30년 공들였는데”…백종원 회사, 몸값 ‘4000억’ 대박날 수 있을까",김민지 기자,경제,93
서울신문,20240717,2,"“여보”…무면허 여고생들 킥보드에 노부부 참변, 아내 사망",권윤희 기자,사회,189
서울신문,20240717,3,"“총알이 귀 관통” 트럼프 구사일생…“아, 아깝다” FBI 직원글 논란",김유민 기자,세계,0
서울신문,20240717,4,"“수치스럽다”…女동창생 폭행해 ‘식물인간’ 만든 20대男, 선처 호소",이보희 기자,사회,172
서울신문,20240717,5,"민희진, 파묘, 러브버그 된 의정부고…올해도 ‘빵’ 터졌다",김유민 기자,생활,0
서울신문,20240717,6,‘풍성한 장발’ 19세 한동훈 공개…나·원·윤의 청춘은,류재민 기자,정치,121
서울신문,20240717,7,“오타니 결혼식?” 깜짝 놀라게 한 현장 ‘포착’…日 환호한 사진,윤예림 기자,세계,0
서울신문,20240717,8,"카페 여직원 음료에 ‘체액’ 넣은 남성, 경찰에 자수",문경근 기자,사회,136
서울신문,20240717,9,"한강 뛰어내리는 시민, 유튜브 실시간 송출… 1분도 안돼 구조대 출동",이정수 기자,사회,168
서울신문,20240717,10,Q.미복귀 1만명 선택지? A.개원 등 가능하지만 필수의료는 차질,이현정 기자,사회,35
서울신문,20240718,1,이방카가 아니네? ‘귀에 거즈’ 트럼프 흐뭇하게 한 여성 정체,김유민 기자,세계,0
서울신문,20240718,2,이준석 “조국 딸 조민이랑 왜 결혼했냐 따지는 어르신 많아”,권윤희 기자,정치,189
서울신문,20240718,3,‘81세’ 바이든 유세 재개하자마자…“코로나 양성”,김유민 기자,세계,0
서울신문,20240718,4,"“수치스럽다”…女동창생 폭행해 ‘식물인간’ 만든 20대男, 선처 호소",이보희 기자,사회,172
서울신문,20240718,5,휴가 나온 군인에 재룟값만 받은 식당…몇 시간 뒤 생긴 일,권윤희 기자,사회,189
서울신문,20240718,6,“연진이 죄수복?”…한국 대표팀 단복 조롱한 中 블로거,이보희 기자,사회,172
서울신문,20240718,7,한반도 허리가 잠겼다,이종익 외 4명,사회,0
서울신문,20240718,8,"설운도, 이자연도 ‘눈물바다’…현철, 동료가수 배웅 속 떠났다",윤예림 기자,생활,0
서울신문,20240718,9,“희귀하다” 단발머리 무리 포착에 ‘발칵’…은둔 생활중 나타났다(영상),윤예림 기자,세계,0
서울신문,20240718,10,"정부 “미복귀 전공의, 군 입대해야”…지방 전공의도 ‘빅5’ 올 수 있어",조희선 기자,사회,187
서울신문,20240719,1,"“나 때렸던 선생 나와” 중학교 뒤엎은 졸업생, 알고보니",권윤희 기자,사회,189
서울신문,20240719,2,“몸은 20대”…흰머리 빼고 그대로라는 61세 ‘동안 비결’,김유민 기자,생활,0
서울신문,20240719,3,"‘만취 사고’ 개그맨, 사흘 만에 입장…“중환자실 있었다”",권윤희 기자,사회,189
서울신문,20240719,4,"“욱일기 벤츠 女차주, 스티커 찢자 경찰 신고” 끊이지 않는 목격담",이정수 기자,사회,168
서울신문,20240719,5,"400만원에 산 명품백, “원가는 8만원” 충격…‘장인정신’ 없었다",윤예림 기자,세계,0
서울신문,20240719,6,“행복감 느끼다 사망”…부부 ‘동반 안락사’ 돕는다는 기계,김유민 기자,세계,0
서울신문,20240719,7,이준석 “조국 딸 조민이랑 왜 결혼했냐 따지는 어르신 많아”,권윤희 기자,정치,189
서울신문,20240719,8,“중국인·한국인은 거절합니다” 日식당 안내문 혐중·혐한 논란,이정수 기자,세계,168
서울신문,20240719,9,"“구제역 협박 사실” 쯔양, 증거영상 공개…‘전남친 변호사’, 제보자였다",윤예림 기자,사회,0
서울신문,20240719,10,“04년생인데 담배 피워”…日 체조요정 대표팀 퇴출,김유민 기자,세계,0
서울신문,20240720,1,“몸은 20대”…흰머리 빼고 그대로라는 61세 ‘동안 비결’,김유민 기자,생활,0
서울신문,20240720,2,"400만원에 산 명품백, “원가는 8만원” 충격…‘장인정신’ 없었다",윤예림 기자,세계,0
서울신문,20240720,3,"“릴스 찍다 미끌”…‘30만 팔로워’ 인플루언서, 폭포서 추락사",이보희 기자,세계,172
서울신문,20240720,4,계모가 “연필로 200번 찌르고 의자에 16시간 묶어” 사망…‘살해 고의성’ 다시 따진다[전국부 사건창고],이천열 기자,사회,47
서울신문,20240720,5,"“역겨운 광고”…女모델 기용했다 ‘날벼락’ 아디다스, 무슨 일이",류재민 기자,세계,121
서울신문,20240720,6,시부모 파묘해 유골 태우고 빻은 며느리…무슨 일?,류재민 기자,사회,121
서울신문,20240720,7,“상의 탈의하면 22만원·개똥 안 치우면 113만원”…강력조치 선포한 이 도시,류재민 기자,세계,121
서울신문,20240720,8,"“귀찮은 할아버지” 17살 트럼프 손녀, 전대 뒤집더니…반응 터졌다",윤예림 기자,세계,0
서울신문,20240720,9,"“직원 물리고 단둘이 대화”…홍명보, 런던서 손흥민과 1시간 독대",김민지 기자,세계,93
서울신문,20240720,10,"“봉사하려 했는데”…김호중, 뺑소니 조사 중 1500만원 기부한 사연",김민지 기자,사회,93
서울신문,20240721,1,“전 안 먹을게요” 기내식·물 사양한 승객 정체 눈치 챈 승무원,신진호 기자,세계,75
서울신문,20240721,2,“日 제치고 세계 1위” CNN이 한국에 깜짝 놀란 이유,류재민 기자,경제,121
서울신문,20240721,3,아기 거실서 울고 있는데…화장실 갔다 갇힌 아빠의 4시간 사투,신진호 기자,사회,75
서울신문,20240721,4,태풍 ‘개미’ 어디로 갈까…장맛비 뿌리는 정체전선 북상,신진호 기자,사회,75
서울신문,20240721,5,트럼프 “김정은에 ‘핵’ 많으니 야구나 보자고”…“바이든 IQ는 70”,권윤희 기자,세계,189
서울신문,20240721,6,장마 아직 안 끝났는데…3호 태풍 ‘개미’ 발생 비상,류재민 기자,사회,121
서울신문,20240721,7,“일본여행 가도 되나”…변이바이러스 확산·코로나 환자 10주 연속 증가,류재민 기자,세계,121
서울신문,20240721,8,"“매주 방문한다” 데미 무어, 前남편 치매 악화에 간병",류재민 기자,세계,121
서울신문,20240721,9,"‘조작설’ 나왔던 로또, 1등 63명→11명 ‘뚝’",류재민 기자,사회,121
서울신문,20240721,10,식당에 앉았을 뿐인데…브라질 독거미 물린 60대 男 사망,류재민 기자,세계,121
서울신문,20240722,1,제니·이영지도 들었다…명품 대신 ‘엄마 가방’ 찾는 Z세대,김유민 기자,생활,0
서울신문,20240722,2,“전 안 먹을게요” 기내식·물 사양한 승객 정체 눈치 챈 승무원,신진호 기자,세계,75
서울신문,20240722,3,바이든 퇴장…‘트럼프와 맞대결’ 1순위 해리스는 누구?,문경근 기자,세계,136
서울신문,20240722,4,태풍 ‘개미’ 어디로 갈까…장맛비 뿌리는 정체전선 북상,신진호 기자,사회,75
서울신문,20240722,5,"“아빠 성 지웠다” 공개 망신…브래드 피트, 친딸 행동에 큰 슬픔 빠졌다",김민지 기자,세계,93
서울신문,20240722,6,"“블랙핑크 떠나고 속절없는 추락” 경고등에…양현석, 8년 만에 큰 결심",김민지 기자,생활,93
서울신문,20240722,7,“이별 통보했다”…카페로 ‘쾅’ 돌진 뒤 여주인 살해한 남성,이보희 기자,사회,172
서울신문,20240722,8,"“한국서 번 돈, 가족들 안 줘요”…외국인 근로자들 ‘돌변’한 사연",윤예림 기자,경제,0
서울신문,20240722,9,"“정우성, 유엔난민기구 친선대사 사임…정치적 공격 끝없어”",조희선 기자,사회,187
서울신문,20240722,10,김태호PD 예능인데 ‘시청률 0% 충격’…손석희 “제목 이게 뭐냐”,류재민 기자,생활,121
서울신문,20240723,1,제니·이영지도 들었다…명품 대신 ‘엄마 가방’ 찾는 Z세대,김유민 기자,생활,0
서울신문,20240723,2,“트럼프 이겨야”…바이든 사퇴에 ‘땡큐’ 700억 쏟아졌다,김유민 기자,세계,0
서울신문,20240723,3,"진주 목걸이, 보라색 재킷 “완전 해리스”…소름돋는 ‘심슨’의 예측",윤예림 기자,세계,0
서울신문,20240723,4,동반 교통사고서 애인은 사망…‘영혼결혼식’ 후 시모 모신다는 대만여성,권윤희 기자,세계,189
서울신문,20240723,5,“11년간 교제했다”…당당하게 ‘혼인신고서’ 내겠다는 동성커플,김민지 기자,사회,93
서울신문,20240723,6,"“기업 죽이기 억울” 백종원, 연돈볼카츠 사태 입 열었다",이보희 기자,경제,172
서울신문,20240723,7,“고기 270만원 주문하고 ‘노쇼’… 군부대라더니 카톡도 차단”,이정수 기자,사회,168
서울신문,20240723,8,"“노출 무슨 일”…논란된 (여자)아이들 ‘무대의상’, 뭐길래",윤예림 기자,생활,0
서울신문,20240723,9,“그게 바로 특혜” 자책골이 된 축협의 해명…논란 더 키웠다,류재민 기자,사회,121
서울신문,20240723,10,“황당” 혜리도 분노한 항공사…“6시간 전화해도 불통” 무슨 일,윤예림 기자,세계,0
서울신문,20240724,1,“성인용 장난감으로 나라 살림 채우자”…‘음란물’ 합법화하겠다는 이 나라,김민지 기자,세계,93
서울신문,20240724,2,“반전이네” 결혼 많이 하더니…출생아 수 9년만에 ‘깜짝’,윤예림 기자,경제,0
서울신문,20240724,3,이슬처럼 떠난 ‘뒷것’ 김민기…설경구·장현성 ‘눈물’ 배웅,김유민 기자,생활,0
서울신문,20240724,4,성폭행 안 했다고? ‘세탁기 뚜껑’이 보고 있었다,권윤희 기자,사회,189
서울신문,20240724,5,유아인 “우울증·불면증 시달려와…성숙하고 책임감 있게 살 것”,하승연 기자,사회,184
서울신문,20240724,6,"“생일 한달 앞두고”…‘태권도장 학대’ 5살, 의식불명 11일 만에 숨졌다",김민지 기자,사회,93
서울신문,20240724,7,“응급 제왕 상황에 자연분만 강요한 시모…결국 무릎 꿇었습니다”,이보희 기자,사회,172
서울신문,20240724,8,선박으로 돌진해 어부 빠트린 ‘검은색 괴물’…정체 보니 ‘깜짝’,하승연 기자,세계,184
서울신문,20240724,9,"“너무 야해” 논란된 제니 ‘디 아이돌’ 안무, 에미상 후보됐다",김민지 기자,세계,93
서울신문,20240724,10,"어도어 민희진과 갈등… 박지원, 4년 만에 하이브 떠난다",김유민 기자,경제,0
서울신문,20240725,1,“성인용 장난감으로 나라 살림 채우자”…‘음란물’ 합법화하겠다는 이 나라,김민지 기자,세계,93
서울신문,20240725,2,"“호스피스 치료, 오늘 밤 고비”…81세 바이든 위독설 확산",김유민 기자,세계,0
서울신문,20240725,3,"태권도장서 숨진 5살 유족 “관장, 태권도장 급매로 내놨다” 울분",김민지 기자,사회,93
서울신문,20240725,4,안 보이더니 ‘35억 건물주’…상장 추진 ‘홍진영 회사’ 실적은,김유민 기자,경제,0
서울신문,20240725,5,‘학폭 논란’에 중도하차 지수…法 “제작사에 14억원 배상”,이보희 기자,사회,172
서울신문,20240725,6,“중국이 쳐들어온다” 눈물 터뜨린 대만인들…‘침공’ 드라마에 불안감,권윤희 기자,세계,189
서울신문,20240725,7,"아픈 부친에 신장 기증하더니… 배우 남윤수, ‘생명나눔’ 홍보대사 위촉",이정수 기자,사회,168
서울신문,20240725,8,[단독]티몬·위메프 피해상담 폭증…하루 만에 250여건 접수,조중헌 기자,정치,37
서울신문,20240725,9,“장례 치러보니 조문객 옷 전혀 안 보여”…밝은 옷 괜찮을까요?[이슈픽],이보희 기자,사회,172
서울신문,20240725,10,“차라리 정신병원 보내달라”…여고생 애원에도 계속된 교회 가혹 행위,조희선 기자,사회,187
서울신문,20240726,1,"유아인, ‘동성 성폭행’ 혐의 입건…30대男 “자던 중 당했다”",윤예림 기자,사회,0
서울신문,20240726,2,“이 남자 찾으면 138억원 드립니다” FBI가 지명수배 나선 北해커,이정수 기자,세계,168
서울신문,20240726,3,"피 철철…‘건국대 거위’ 100대 때린 60대, 이렇게 됐다",권윤희 기자,사회,189
서울신문,20240726,4,"“중국 관광객이 다 훔쳐간다”…제주 찾은 中틱톡커, 발끈했다 ‘민망’",김민지 기자,사회,93
서울신문,20240726,5,"“질식으로 뇌 손상”…태권도장서 숨진 5살, 안타까운 부검 결과 나왔다",김민지 기자,사회,93
서울신문,20240726,6,넥워머 두르는 순간 ‘펑’…“얼굴에 끈적한 물질 달라붙어” 예비신부 눈물,김민지 기자,사회,93
서울신문,20240726,7,“좌석은 선착순입니다” 알아서 앉으라던 항공사…50년만에 결국,윤예림 기자,세계,0
서울신문,20240726,8,“중국이 쳐들어온다” 눈물 터뜨린 대만인들…‘침공’ 드라마에 불안감,권윤희 기자,세계,189
서울신문,20240726,9,위메프 1400명 환불 완료…“우린 왜 안돼!” 티몬엔 수백명 몰려 ‘험악’,권윤희 기자,경제,189
서울신문,20240726,10,"황선우 “완전 사우나”…에어컨 없는 선수촌 양호, 문제는 ‘버스’",서진솔 기자,세계,123
서울신문,20240727,1,“좌석은 선착순입니다” 알아서 앉으라던 항공사…50년만에 결국,윤예림 기자,세계,0
서울신문,20240727,2,선수단 전원에 ‘갤럭시’…삼성家 파리 올림픽 개회식 ‘포착’,김유민 기자,경제,0
서울신문,20240727,3,"“초5男, 수업 중 가위로 친구 귓불 싹둑…아파하는데 ‘깔깔’”",이보희 기자,사회,172
서울신문,20240727,4,男배우 엉덩이 만지며 “손이 호강”…논란 일자 결국 사과,류재민 기자,사회,121
서울신문,20240727,5,"‘시청역 역주행 참사’ 결정적 단서, 운전자 신발서 나왔다",조희선 기자,사회,187
서울신문,20240727,6,"“창문 못열게 테이프로…” 충격 폭로한 황선우 등, 선수촌 나왔다",윤예림 기자,세계,0
서울신문,20240727,7,"“상처가 없네?”…트럼프가 맞은 건 ‘총알’인가 ‘파편인가’, 진실은? [핫이슈]",송현서 기자,세계,90
서울신문,20240727,8,“한여름에 점퍼가 웬말”…이란 새 대통령 ‘패션센스’ 논란,윤예림 기자,세계,0
서울신문,20240727,9,파리 이케아 간 스웨덴 선수들…“문제는 골판지 침대 아닌 매트리스”,이보희 기자,세계,172
서울신문,20240727,10,3살 딸 앞에서 “형부 폰 뺏어” “소금 뿌려” 격렬 몸싸움…父도 책임,이보희 기자,사회,172
서울신문,20240728,1,美무속인과 결혼 발표한 ‘사랑꾼’ 공주에…노르웨이 ‘발칵’,하승연 기자,세계,184
서울신문,20240728,2,“무슨 맛이지?”…산에서 주운 40년 된 콜라 마신 日 등산객 화제,류재민 기자,세계,121
서울신문,20240728,3,“포상금 10억·평생 철도이용권”…金 땄더니 ‘잭팟’ 터졌다,하승연 기자,세계,184
서울신문,20240728,4,"“아쉽게도 빗나갔다”… 이지훈, 박슬기 ‘갑질’ 의혹 부인",문경근 기자,사회,136
서울신문,20240728,5,결국 사과받은 윤석열 대통령…IOC ‘북한 오기 사태’에 “재발 방지 약속”,서진솔 기자,세계,123
서울신문,20240728,6,"펜싱 오상욱, 한국 선수단 첫 금…남자 사브르 개인전 정상",류재민 기자,세계,121
서울신문,20240728,7,동메달 김우민 감격의 눈물…박태환 이후 12년 만의 메달,류재민 기자,세계,121
서울신문,20240728,8,한강에서 팔에 5kg 아령 묶인 시신 발견… 경찰 수사 중,문경근 기자,사회,136
서울신문,20240728,9,‘1000만 탈모인’ 환호…‘가장 안전한’ 모발성장 촉진 물질 발견 [핵잼 사이언스],송현서 기자,IT,90
서울신문,20240728,10,"‘아이언맨’ 로버트 다우니 주니어, 마블 컴백한다(영상)",신진호 기자,생활,75
서울신문,20240729,1,콘돔 안 껴도 에이즈 걱정 끝? 여성 5000명 효과 검증한 ‘연 2회 주사’,이정수 기자,세계,168
서울신문,20240729,2,"“대기업 커플, 평균 연봉 1억 넘는데…돈 없어서 결혼 고민”",이보희 기자,경제,172
서울신문,20240729,3,“이건 얻다 쓰죠?” 오상욱이 금메달과 받은 ‘골드 박스’ 정체는,조희선 기자,세계,187
서울신문,20240729,4,“뺨 때리고 욕” 갑질배우 지목…박슬기·이지훈 입 열었다,김유민 기자,사회,0
서울신문,20240729,5,"핀잔줬다고 5분간 80회 폭행해 살해한 20대, 징역 23년",문경근 기자,사회,136
서울신문,20240729,6,“올림픽 안 봐요” 도쿄 때와 달랐다…‘시청률 0%대’ 무슨 일,윤예림 기자,생활,0
서울신문,20240729,7,"“정말 분하다” 2분간 절규…日유도 국민여동생, 패배 뒤 태도 어땠길래",김민지 기자,세계,93
서울신문,20240729,8,“청소 부탁합니다”…‘아령 묶인 시신’ 거주 고시원서 ‘10만원’과 메모 발견,이보희 기자,사회,172
서울신문,20240729,9,"[속보] 16세 반효진, 공기소총 10ｍ 금…韓 하계올림픽 100호",권윤희 기자,세계,189
서울신문,20240729,10,"‘세계 최강’ 한국 여자 양궁, 중국 넘고 올림픽 역사…단일종목 10연패",서진솔 기자,세계,123
서울신문,20240730,1,콘돔 안 껴도 에이즈 걱정 끝? 여성 5000명 효과 검증한 ‘연 2회 주사’,이정수 기자,세계,168
서울신문,20240730,2,타국 경기 중 “사랑하세요” 한글 포착…‘타투’ 새긴 선수 정체,윤예림 기자,세계,0
서울신문,20240730,3,파리올림픽 ‘성기노출男’ 진짜 정체… “억울하겠다” 여론 확산 [넷만세],이정수 기자,세계,168
서울신문,20240730,4,"“대기업 커플, 평균 연봉 1억 넘는데…돈 없어서 결혼 고민”",이보희 기자,경제,172
서울신문,20240730,5,"‘그래도 파리 하늘에 태극기’ 허미미, 적극 공세에도 위장 공격 판정으로 금메달 놓쳐",홍지민 기자,세계,111
서울신문,20240730,6,“팔 내릴 수 없었다” 입술에 벌 앉았는데…침착하게 ‘10점’ 쏜 김제덕,김민지 기자,세계,93
서울신문,20240730,7,“옷 어떻게 갈아입으라고” 커튼 없는 선수촌…씻을 때마다 ‘당혹’,김민지 기자,세계,93
서울신문,20240730,8,"日선수 향해 “파이팅” 포효…심판, 김제덕에게 다가오더니",김민지 기자,세계,93
서울신문,20240730,9,허미미 ‘위장공격’ 반칙패…金 딴 선수도 웃지 못했다 “유도 변해야”,김민지 기자,세계,93
서울신문,20240730,10,‘80㎝ 일본도’ 휘둘러 아파트 주민 살해…30대男 긴급 체포,김민지 기자,사회,93
서울신문,20240731,1,“쌀 일찍 동날 수도” 마트 갔더니 ‘충격’…맛있다던 日쌀 결국,윤예림 기자,세계,0
서울신문,20240731,2,너무 멀쩡한 트럼프 ‘귀’…“흉터도 없어” 진실 논란 가열,김유민 기자,세계,0
서울신문,20240731,3,연수입 ‘9000억’ 세계 1위 유튜버…동료 성범죄·조작 논란,김유민 기자,세계,0
서울신문,20240731,4,돈 많다더니 빈털터리…20살 많은 남편 살해한 어린 신부[사건파일],김유민 기자,사회,0
서울신문,20240731,5,“50 넘은 한국 남편이 4살 딸 성폭행”…외국인 아내 ‘울분’,김유민 기자,사회,0
서울신문,20240731,6,“광고 줘라” 경기 중 깜짝 등장한 ‘신유빈 먹방’ 화제,하승연 기자,세계,184
서울신문,20240731,7,속으로 울었다는 황선우 “나도 이해 안 돼…수영 인생 돌아봐”,윤예림 기자,세계,0
서울신문,20240731,8,“신유빈 업고 다녀라” 입대 3주 앞두고 동메달…병역 면제된 임종훈,김민지 기자,세계,93
서울신문,20240731,9,"“기자가 발로 밟았다” 탁구채 부러져…中금메달리스트, 개인전 앞두고 ‘분노’",김민지 기자,세계,93
서울신문,20240731,10,"[단독] 왼손엔 핸들, 오른손엔 폰… 달리는 흉기 된 스몸비족 [안녕, 스마트폰]",곽진웅 외 2명,사회,0
서울신문,20240801,1,연수입 ‘9000억’ 세계 1위 유튜버…동료 성범죄·조작 논란,김유민 기자,세계,0
서울신문,20240801,2,“애도 아니고 왜 우냐” 자국팬들도 혀 내두른 日선수…패배 후 결국,윤예림 기자,세계,0
서울신문,20240801,3,“남편이 40일 굶겨” 쇠사슬에 묶인 채 정글서 발견된 50대 美여성,이정수 기자,세계,168
서울신문,20240801,4,“쌀 일찍 동날 수도” 마트 갔더니 ‘충격’…맛있다던 日쌀 결국,윤예림 기자,세계,0
서울신문,20240801,5,[단독] “코로나 거품 꺼져… 연쇄폭탄 터질 것”… ‘파산’ 바보사랑 운영자의 뒤늦은 후회,박상연 기자,사회,40
서울신문,20240801,6,결승전 도중 코 푼 오상욱에 “매너도 좋네” 칭찬 쏟아졌다,하승연 기자,세계,184
서울신문,20240801,7,심판 노려보고 모욕한 프랑스…구본길은 ‘공손 전략’ 택했다,김민지 기자,세계,93
서울신문,20240801,8,"30분 만에 경기 끝냈다…안세영 “지면 끝이란 생각, 숨 막히네요” 심경",김민지 기자,세계,93
서울신문,20240801,9,“어느 팀이길래” 美야구장이 ‘김치’로 도배됐다…선수들도 “김치”,윤예림 기자,세계,0
서울신문,20240801,10,"예비신부 살해 후 예비신랑에 사진 보낸 50대男, 숨진 채 발견",권윤희 기자,사회,189
서울신문,20240802,1,구독자 모으려 택시기사 때린 ‘폭행 문신남’… 성관계 영상도 올리더니 결국,이정수 기자,사회,168
서울신문,20240802,2,"“해리스, 갑자기 흑인 돼”… ‘인종 정체성’ 건드렸다 역풍 맞은 트럼프",이재연 기자,세계,49
서울신문,20240802,3,"“성노예로 쓰고 죽여야겠어” 쯔양, 충격 녹취 공개… 가세연 “여론 선동”",이정수 기자,사회,168
서울신문,20240802,4,야구중계 중 “여자라면 먹고 싶어”… 이기호 캐스터 대기발령,이정수 기자,사회,168
서울신문,20240802,5,"신유빈도 “흐름 끊는 느낌”…日히라노, ‘5분 환복’ 이유 밝혔다",윤예림 기자,세계,0
서울신문,20240802,6,"“센강서 수영한 선수, 구토 10번 해” 생중계된 장면에 ‘충격’",윤예림 기자,세계,0
서울신문,20240802,7,[속보]청라아파트 전기차 화재 피해 규모 ‘눈덩이’,한상봉 기자,사회,41
서울신문,20240802,8,"예비신부 살해 후 예비신랑에 사진 보낸 50대男, 숨진 채 발견",권윤희 기자,사회,189
서울신문,20240802,9,“애도 아니고 왜 우냐” 자국팬들도 혀 내두른 日선수…패배 후 결국,윤예림 기자,세계,0
서울신문,20240802,10,“43년만에 처음” 프로야구 취소됐다… 전국 폭염특보 발효 비상,이정수 기자,사회,168
서울신문,20240803,1,“일본 가려고 바꿔뒀는데”…엔화 팔까? 한 달 만에 가격 ‘껑충’,류재민 기자,세계,121
서울신문,20240803,2,“남자 죽이고 싶다”더니 외할머니 살해한 19세女…다정히 머리 쓰다듬는데 흉기[전국부 사건창고],이천열 기자,사회,47
서울신문,20240803,3,“미안함도 없다”…‘일본도 살해’ 30대 ‘신상 비공개’ 이유는,김유민 기자,사회,0
서울신문,20240803,4,"“세리머니 예의없다?”…‘김민종에 한판패’ 日, 황당 깎아내리기",김민지 기자,세계,93
서울신문,20240803,5,출산 중인 아내 지키느라 30분 자고 올림픽 나간 ‘사랑꾼’ 선수 화제,하승연 기자,세계,184
서울신문,20240803,6,“아기들 없어졌다” 홍천강 신고…구조된 4살 아이 중태,김유민 기자,사회,0
서울신문,20240803,7,구독자 모으려 택시기사 때린 ‘폭행 문신남’… 성관계 영상도 올리더니 결국,이정수 기자,사회,168
서울신문,20240803,8,"금메달 따자 “결혼해줄래?”…한국 꺾은 中선수, 올림픽서 공개 청혼 받았다",김민지 기자,세계,93
서울신문,20240803,9,구호물자 준다 했더니…김정은 “적은 변할 수 없는 적”,류재민 기자,정치,121
서울신문,20240803,10,“소문난 크림빵서 곰팡이가”…업체 측 “치료비+3만원” 대응에 뿔난 고객,이보희 기자,사회,172
서울신문,20240804,1,“나 완전히 새됐어” 청년들 ‘기이한 포즈’에 난리 난 中…이유는,류재민 기자,세계,121
서울신문,20240804,2,"한국 꺾고 첫 금메달, 우크라 ‘눈물’…“러시아가 죽인 선수들에게” (영상)",권윤희 기자,세계,189
서울신문,20240804,3,“딸 학교 女교사와 불륜 저질렀다”…과거 외도 인정한 해리스 남편,권윤희 기자,세계,189
서울신문,20240804,4,전 여친 2000만원 안 갚자 100원씩 입금하며 “내 돈 내놔”,문경근 기자,사회,136
서울신문,20240804,5,"“온다는 말 없었는데”…KTX타고 국밥 먹방男 정체, 깜짝",류재민 기자,생활,121
서울신문,20240804,6,"“이럴 거면 삼성으로 바꾼다”…뿔난 태국 네티즌에 애플, 결국",조희선 기자,세계,187
서울신문,20240804,7,“일본 가려고 바꿔뒀는데”…엔화 팔까? 한 달 만에 가격 ‘껑충’,류재민 기자,세계,121
서울신문,20240804,8,“감동적인 포옹” 성숙한 ‘삐약이’에 日·中 반했다,김소라 기자,세계,156
서울신문,20240804,9,자국 선수에 ‘손가락 욕설’까지…‘악성 팬덤’ 몸살 앓는 中 탁구,김소라 기자,세계,156
서울신문,20240804,10,12발중 11발이 ‘텐’…中 선수 ‘허탈한 웃음’,김소라 기자,세계,156
서울신문,20240805,1,수영 후 10번 ‘우웩’…센강 똥물 논란 “병나서 경기 포기” 속출,김유민 기자,세계,0
서울신문,20240805,2,“11살 저녁밥 이게 맞나요?”…아들에 ‘저속노화’ 식단 준 의사 [이슈픽],이보희 기자,사회,172
서울신문,20240805,3,“못생길수록 수명 짧다… 여성은 더욱” 졸업사진 토대로 65년 추적했더니,이정수 기자,세계,168
서울신문,20240805,4,젤렌스키 “이것이 우크라가 받은 F-16 전투기”…과연 게임체인저 될까? [핫이슈],박종익 기자,세계,64
서울신문,20240805,5,"“손흥민, 강남 클럽서 수천만원 결제?”…소속사 “명백한 허위, 선처 없다”",김민지 기자,사회,93
서울신문,20240805,6,"“4.9㎜ 역대급 결승”…美 양궁아재, 알고 보니 한국 킬러였다",김민지 기자,세계,93
서울신문,20240805,7,"金 안세영, ‘은퇴 암시’ 폭탄 발언…“대표팀에 실망”",이보희 기자,세계,172
서울신문,20240805,8,‘가장 섹시한 수영선수’ 숙소 놔두고 공원에서 ‘쿨쿨’…무슨 일,하승연 기자,세계,184
서울신문,20240805,9,임시현에 “턱 흉터 시술할 생각 없냐”…SBS 인터뷰 ‘성차별’ 논란,하승연 기자,사회,184
서울신문,20240805,10,“반려견 없어진 날 이웃 가마솥서 연기”…‘고라니’라더니 DNA 일치,신진호 기자,사회,75
서울신문,20240806,1,‘노출 의상’ 女수영선수 돌발행동 일삼더니… 파리 선수촌서 결국 퇴출,이정수 기자,세계,168
서울신문,20240806,2,"김학균 배드민턴 감독 “안세영, 협회와 법정 싸움 하겠다는 것”",문경근 기자,세계,136
서울신문,20240806,3,“한국행 주변서 부러워해… 돈 많이 벌어서 돌아갈 것”,서유미 기자,사회,129
서울신문,20240806,4,‘뉴진스 민지’ 닮은 식당 女사장 행방 묘연… 한국서 연예인 데뷔하나,이정수 기자,세계,168
서울신문,20240806,5,“11살 저녁밥 이게 맞나요?”…아들에 ‘저속노화’ 식단 준 의사 [이슈픽],이보희 기자,사회,172
서울신문,20240806,6,"“배달 왜 안 와요”…피자 시켰는데 경찰관 도착, 무슨 일",조희선 기자,사회,187
서울신문,20240806,7,"“배드민턴 선수 6명 이코노미, 임원 8명 비즈니스” 과거 협회 재조명",하승연 기자,사회,184
서울신문,20240806,8,"[포착] “이것이 스톰 섀도!”…우크라, 미사일 발사 영상 첫 공개",박종익 기자,세계,64
서울신문,20240806,9,“잠자는 경기장의 공주” 낮잠 자고 일어나 금메달 딴 女선수 화제,하승연 기자,세계,184
서울신문,20240806,10,“현금만 1200억”…오은영 만난 ‘슈퍼리치’ 사기 혐의로 기소,김유민 기자,세계,0
서울신문,20240807,1,선수용 비키니 입고… 성인화보 찍은 日 비치발리볼 대표,김유민 기자,세계,0
서울신문,20240807,2,“섹시하다고 뛰냐” 욕먹은 육상여신…독일 대표팀 갈등 심각,김유민 기자,세계,0
서울신문,20240807,3,"BTS 슈가, 전동스쿠터 음주운전 입건 “면허취소 수준”",이정수 기자,사회,168
서울신문,20240807,4,“한국행 주변서 부러워해… 돈 많이 벌어서 돌아갈 것”,서유미 기자,사회,129
서울신문,20240807,5,"방수현 “안세영, 혼자서 金 딴 건 아냐…기자회견 발언 안타까워”",조희선 기자,세계,187
서울신문,20240807,6,기자회견 불참 ‘선수 의지?’…안세영 “기다리고 아무 말 말라더라”,김민지 기자,세계,93
서울신문,20240807,7,말 아낀 안세영 “협회와 싸우려는 것 아냐…자세한 건 나중에”,김소라 기자,사회,156
서울신문,20240807,8,"안세영이 던진 폭탄…배드민턴협회, 구구절절 해명 [전문]",이보희 기자,세계,172
서울신문,20240807,9,배드민턴협회장 “안세영과 갈등 없었다…기자회견 안 나온 건 나도 의아해”,조희선 기자,세계,187
서울신문,20240807,10,‘스승찾기’로 찾은 선생님 찌른 20대 “은혜를 원수로 갚았다”,김유민 기자,사회,0
서울신문,20240808,1,“스승님!” 金 확정에 한국인 감독에 달려가 큰절 올린 태국 선수,하승연 기자,세계,184
서울신문,20240808,2,“벗방 여캠 팬티 사진 ‘좋아요’ 누른 김제덕” 쏟아진 악플… 걸그룹 멤버 ‘바프’인데,이정수 기자,사회,168
서울신문,20240808,3,"방시혁, 20대 女BJ와 美서 포착…하이브 “지인 관광 안내”",권윤희 기자,생활,189
서울신문,20240808,4,선수용 비키니 입고… 성인화보 찍은 日 비치발리볼 대표,김유민 기자,세계,0
서울신문,20240808,5,[단독]코로나 대유행 목전인데 치료제 품귀…고위험 환자 ‘발동동’,이현정 기자,사회,35
서울신문,20240808,6,"“김호중 선처해달라” 뺑소니 피해 택시기사, 탄원서 제출",이보희 기자,사회,172
서울신문,20240808,7,한지민 ‘10살 연하’ 최정훈과 사랑에 빠진 그날의 투샷 화제,김유민 기자,생활,0
서울신문,20240808,8,“냄새 심하게 난다” 이웃 신고…혼자 살던 30대女 부패된 시신 발견,이보희 기자,사회,172
서울신문,20240808,9,‘사격 선수’로 변신한 이재명…진종오 “명사수는 명사수”,김유민 기자,정치,0
서울신문,20240808,10,서울 그린벨트 푼다… MB 정부 이후 12년만,이정수 기자,경제,168
서울신문,20240809,1,"‘로또 1등’ 비극…당첨금도 나눠준 형, 동생을 찔렀다 [사건파일]",김유민 기자,사회,0
서울신문,20240809,2,“스승님!” 金 확정에 한국인 감독에 달려가 큰절 올린 태국 선수,하승연 기자,세계,184
서울신문,20240809,3,녹슨 듯 벗겨져 잿빛으로…“올림픽 메달 이거 맞아?”,김소라 기자,세계,156
서울신문,20240809,4,"사격 銀 김예지, 기자회견 중 쓰러졌다 회복…“긴장·피로 때문인 듯”",조희선 기자,사회,187
서울신문,20240809,5,벤츠 “인천 전기차 화재 피해 주민에 45억 지원”,김유민 기자,경제,0
서울신문,20240809,6,‘가수 꿈’ 20대 한인여성…911 전화했다가 경찰에 총 맞았다,김유민 기자,세계,0
서울신문,20240809,7,"이기흥 대한체육회장 “안세영, 하고 싶은 말 많지만 부적절”",김소라 기자,사회,156
서울신문,20240809,8,"“친구야, 고생 많았다”…정용진 회장, 윤희근 경찰청장 퇴임식 깜짝 등장",문경근 기자,사회,136
서울신문,20240809,9,구로역 선로 점검 중 사고…작업자 2명 사망,김유민 기자,사회,0
서울신문,20240809,10,"[단독] 올여름 코로나 재유행 조짐, 치료제 ‘품귀’… 예산도 부족",이현정 기자,사회,35
서울신문,20240810,1,"‘음쓰’ 버렸을 뿐인데…“한국인들 봐라, 전 세계에 교훈” 무슨 일",윤예림 기자,세계,0
서울신문,20240810,2,"‘가장 잘생긴’ 소림사 무승, 21세 나이에 안타깝게 사망[여기는 중국]",이민정 중국 통신원 ymj0242@naver.com,세계,0
서울신문,20240810,3,“빙글빙글 돌다 급하강”…브라질서 여객기 추락 ‘탑승자 전원 사망’,이보희 기자,세계,172
서울신문,20240810,4,"“뒷일 생각 안 했다”…오혜리 태권도 코치, 서건우 구하고 ‘경고’ 받아",이보희 기자,세계,172
서울신문,20240810,5,경기 도중 상의 벗더니…‘실격’ 女선수에 박수 쏟아진 이유,윤예림 기자,세계,0
서울신문,20240810,6,“생수·휴지 싹 다 동났다”…대지진 공포에 난리 난 일본 상황,김유민 기자,세계,0
서울신문,20240810,7,방수현 “안세영만 힘든 것 아냐…협회의 특별케어 밝혀질 것”,윤예림 기자,사회,0
서울신문,20240810,8,이혼 중인 아내 교통사고로 사망하자…남편 “딸 상속분도 내가”,하승연 기자,사회,184
서울신문,20240810,9,“7등이 아니라 1등?”…점주 덕분에 22억 당첨 알게 된 사연,하승연 기자,사회,184
서울신문,20240810,10,집무실서 ‘26살 연하’ 여배우와 부적절한 밀회 가진 대통령,하승연 기자,세계,184
서울신문,20240811,1,"‘가장 잘생긴’ 소림사 무승, 21세 나이에 안타깝게 사망[여기는 중국]",이민정 중국 통신원 ymj0242@naver.com,세계,0
서울신문,20240811,2,“제니처럼 예뻐질래요” 3일간 미용시술 15번 받으러 미국서 온 여성,이정수 기자,세계,168
서울신문,20240811,3,"“춤추며 러 본토 뚫은 우크라軍”…망신살 뻗친 푸틴, 본토 빼앗긴 이유[포착](영상)",송현서 기자,세계,90
서울신문,20240811,4,"‘음쓰’ 버렸을 뿐인데…“한국인들 봐라, 전 세계에 교훈” 무슨 일",윤예림 기자,세계,0
서울신문,20240811,5,“선수들 싸우는데” 관중은 돌연 ‘이 노래’ 열창…분위기 ‘확’ 달라졌다,윤예림 기자,세계,0
서울신문,20240811,6,"내내 웃던 우상혁, 끝내 눈물 흘렸다 “메달로 보답하고 싶었는데…”",윤예림 기자,세계,0
서울신문,20240811,7,“탑승구 잘못 찾았다”…‘전원 사망’ 브라질 여객기 놓쳐 생존한 승객들,이보희 기자,세계,172
서울신문,20240811,8,"“목욕가운 입고 지하주차장 어슬렁”…10대 3명, ‘사이드미러’ 확인한 이유",이보희 기자,사회,172
서울신문,20240811,9,일본이 사상 첫 ‘대지진 주의보’ 발령한 이유는? [핫이슈],윤태희 기자,세계,53
서울신문,20240811,10,“일본 가도 괜찮을까요” 일본인도 자국여행 ‘취소’ 중이라는 日 상황,윤예림 기자,세계,0
서울신문,20240812,1,“나 사실 65살이야” 결혼 앞둔 日여친 ‘충격’ 고백…男 반응 보니,하승연 기자,세계,184
서울신문,20240812,2,"“구름 좀 봐라, 대지진 불안”…‘이상한 구름’ 발견되자 日발칵",윤예림 기자,세계,0
서울신문,20240812,3,‘경제적 보상’ 요구한 金안세영…중국 “22살인데 귀화 어때”,김유민 기자,세계,0
서울신문,20240812,4,"‘김윤아 남편’ 김형규 치과, 지하철 강남역에 이름 붙는다…11억에 낙찰",이보희 기자,경제,172
서울신문,20240812,5,"‘핵 재앙’ 벌어지나…‘시커먼 연기 활활’ 우크라 원전서 화재, 폭발 가능성은?[포착](영상)",송현서 기자,세계,90
서울신문,20240812,6,‘신상사파’ 신상현 빈소 “형님” 90도 인사…오세훈 시장 조기는 철거,권윤희 기자,사회,189
서울신문,20240812,7,"인민은 굶어죽는데…北김정은, 3억원 짜리 벤츠 신형 SUV 공개 [포착]",송현서 기자,세계,90
서울신문,20240812,8,"“팬한테도 돈 빌려” 티아라 출신 아름, ‘3700만원 사기’ 혐의로 송치",윤예림 기자,사회,0
서울신문,20240812,9,‘음지’에서 ‘양지’로 올라온 여캠 BJ들… “벗방이랑 뭐가 달라” 시끌 [넷만세],이정수 기자,사회,168
서울신문,20240812,10,[속보] ‘36주 낙태’ 영상 진짜였다…유튜버·병원장 살인 혐의 입건,신진호 기자,사회,75
서울신문,20240813,1,“결혼 약속하고 성관계 했는데” 女 날벼락…보수적이던 ‘이곳’ 결국,윤예림 기자,세계,0
서울신문,20240813,2,“아들이 파리올림픽 금메달”…직원에 6000만원 쏜 회사,김유민 기자,경제,0
서울신문,20240813,3,"인민은 굶어죽는데…北김정은, 3억원 짜리 벤츠 신형 SUV 공개 [포착]",송현서 기자,세계,90
서울신문,20240813,4,"“생방송 성기 노출 뉘우칩니다” 럭스 멤버, 19년 전 일 사과… 여론은 ‘싸늘’",이정수 기자,사회,168
서울신문,20240813,5,"‘김윤아 남편’ 김형규 치과, 지하철 강남역에 이름 붙는다…11억에 낙찰",이보희 기자,경제,172
서울신문,20240813,6,인천서 회식 후 실종된 20대 직장인…사흘 만에 숨진 채 발견,하승연 기자,사회,184
서울신문,20240813,7,“불안해 못 타”…전기차 눈물의 폭탄 세일 2000만원 넘게 ‘뚝’,류재민 기자,경제,121
서울신문,20240813,8,"“BTS 슈가, 포토라인 서기 전에 탈퇴해” 하이브 앞 ‘화환 시위’",이정수 기자,사회,168
서울신문,20240813,9,"“제 월급으로 책임지겠다”더니…사고친 LG전자 직원, 약속 지켰다",윤예림 기자,사회,0
서울신문,20240813,10,“전여친이 준 무선청소기 싸게 팝니다”…알고 보니 악성매물?,하승연 기자,사회,184
세계일보,20240713,1,음주 전 ‘이것’ 먹으면 숙취 ‘뚝’…“술에 섞어 마시면 역효과”,박윤희 기자,생활,294
세계일보,20240713,2,"못생긴 남자 빌려드려요…‘추남 대여’, 누가 이용하나 봤더니",김지호 기자,세계,179
세계일보,20240713,3,한 동네만 덮친 ‘송곳 폭우’ 사진…사실이었다!,김현주 기자,사회,0
세계일보,20240713,4,‘성인방송 강요’ 딸 잃은 아버지의 울부짖음…“법도 이 나라도 내 편 아냐”,김현주 기자,사회,0
세계일보,20240713,5,MT 갔다가 사망한 의대생·농로로 빨려 들어간 농부… 무자비한 폭우가 앗아간 삶,김기환 기자,사회,224
세계일보,20240713,6,할부지 왔는데 단잠 빠진 푸바오…이튿날 반전 모습 ‘감격’,김기환 기자,사회,224
세계일보,20240713,7,역주행 차량에 숨진 배달 알바 고교생… “가해자 10분 지난 뒤 119 신고”,오성택 기자,사회,92
세계일보,20240713,8,모친 갈비뼈 21개 부러뜨려 살해 후 TV시청...'패륜 아들' 징역 22년 →27년,김지수 온라인 뉴스 기자 jisu@segye.com,사회,0
세계일보,20240713,9,매일 손끝 저리다는 우리 엄마…50∼60대 여성 위협하는 ‘이 병’은 [건강+],정진수 기자,생활,43
세계일보,20240713,10,머리채 확 잡아 끌어내린 경찰…차량 절도범 ‘긴급 검거’ 현장 보니,김수연 기자,사회,174
세계일보,20240714,1,“국위 선양” 호소했지만 징역10년 선고 받은 ‘만취 벤츠녀’ DJ예송 [금주의 사건사고],김지호 기자,사회,179
세계일보,20240714,2,"못생긴 남자 빌려드려요…‘추남 대여’, 누가 이용하나 봤더니",김지호 기자,세계,179
세계일보,20240714,3,매일 손끝 저리다는 우리 엄마…50∼60대 여성 위협하는 ‘이 병’은 [건강+],정진수 기자,생활,43
세계일보,20240714,4,5세 남아 심정지 빠뜨린 30대 태권도 관장 구속…“증거 인멸 우려”,박윤희 기자,사회,294
세계일보,20240714,5,‘쾅’ 이번엔 아파트 단지 내 차량 전복…70대男 운전자 “급발진” 주장,김현주 기자,사회,0
세계일보,20240714,6,초음속으로 다 찢는다…미국이 꽁꽁 숨겼던 ‘미사일 킬러’ 정체는 [박수찬의 軍],박수찬 기자,정치,81
세계일보,20240714,7,"트럼프, 펜실베이니아 유세 중 총격…범인은 사망",김기환 기자,세계,224
세계일보,20240714,8,할부지 왔는데 단잠 빠진 푸바오…이튿날 반전 모습 ‘감격’,김기환 기자,사회,224
세계일보,20240714,9,귀 스친 총알 사진 공개... 트럼프 “갓 블레스 아메리카”,김기환 기자,세계,224
세계일보,20240714,10,또 김호중 수법?… 뒤집힌 벤츠서 빠져나온 40대 운전자 도주,강승우 기자,사회,75
세계일보,20240715,1,"“아이에게 물어보니 안 맞은 곳이 없다”…태권도관장 ‘구속’, 추가 폭로 나왔다",김현주 기자,사회,0
세계일보,20240715,2,교내서 여대생 추락 사망 [그해 오늘],양다훈 기자,사회,211
세계일보,20240715,3,“술 마시다 기억 끊겼고 눈 떠보니 숨져 있어…두려움에 도망쳤다”,김현주 기자,사회,0
세계일보,20240715,4,"""185cm 허웅이 160cm 女 폭행·강간""… 허웅 전 여친, 강간상해 고소",김기환 기자,사회,224
세계일보,20240715,5,"“1등이 63명, 이게 말이 되나”… 로또 추첨 또 ‘조작 의혹’",김기환 기자,경제,224
세계일보,20240715,6,"“살찐 줄 알았는데, 임신 36주에 낙태” 영상…정부, 수사 의뢰",김수연 기자,사회,174
세계일보,20240715,7,총 들고 트럼프 겨눈 美 20세… 서서히 드러나는 이력,윤준호 기자,세계,60
세계일보,20240715,8,입이 떡 벌어지는 印 ‘재벌집 막내아들’ 결혼식 하객,박성준 기자,세계,0
세계일보,20240715,9,개고기 이어 ‘삼계’ 금지 운동?… 초복 달구는 ‘닭고기 식용’ 논쟁 [뉴스+],김기환 기자,사회,224
세계일보,20240715,10,귀 스친 총알 사진 공개... 트럼프 “갓 블레스 아메리카”,김기환 기자,세계,224
세계일보,20240716,1,"""185cm 허웅이 160cm 女 폭행·강간""… 허웅 전 여친, 강간상해 고소",김기환 기자,사회,224
세계일보,20240716,2,10년간 돼지우리서 지내다 숨진 태국인…시신 유기한 농장주 [사건 속으로],김수연 기자,사회,174
세계일보,20240716,3,‘시청역 역주행 참사’ 급발진 주장했지만…“가속페달 90% 이상 밟아”,김현주 기자,사회,0
세계일보,20240716,4,"태권도장서 학대당한 5살…“뇌 기능은 정지, 얼굴 혈관은 터져있어”",김현주 기자,사회,0
세계일보,20240716,5,교내서 여대생 추락 사망 [그해 오늘],양다훈 기자,사회,211
세계일보,20240716,6,9억→15억 “아파트값 계속 뛰네”… ‘똘똘한 한 채’ 오늘이 제일 싸다? [뉴스+],김기환 기자,경제,224
세계일보,20240716,7,"공원 걷던 노부부, 무면허 여고생들 킥보드에 ‘쾅’…부인 숨져",김수연 기자,사회,174
세계일보,20240716,8,연예인 경호원이 항공권 검사?… 변우석 '황제 경호' 논란,김기환 기자,사회,224
세계일보,20240716,9,‘36주 임신 중단’ 유튜버에 칼 빼든 정부…경찰도 “무게 있게 수사”,박유빈 기자,사회,62
세계일보,20240716,10,‘트로트 4대 천왕’ 현철 별세…‘봉선화 연정’ 등 히트곡 남겨,김기환 기자,사회,224
세계일보,20240717,1,만취 포르쉐에 운전연습하던 10대女 사망…또또 ‘김호중 술타기 수법’,김수연 기자,사회,174
세계일보,20240717,2,6년 만에 또?…복날 오리 먹고 쓰러진 주민들 위세척해보니 [사건 속으로],김수연 기자,사회,174
세계일보,20240717,3,졸음운전 버스 시속 100km 돌진… 렌터카 여대생 4명 한 순간에 사망 ‘원통’ [그해 오늘],양다훈 기자,사회,211
세계일보,20240717,4,"‘장발에 곱슬머리’ 한동훈, ‘러닝셔츠’ 원희룡…전대 후보 4인의 젊은 시절",박윤희 기자,정치,294
세계일보,20240717,5,9억→15억 “아파트값 계속 뛰네”… ‘똘똘한 한 채’ 오늘이 제일 싸다? [뉴스+],김기환 기자,경제,224
세계일보,20240717,6,‘해삼 100kg’ 따 놓고 “전 스쿠버다이버~”… 수산물 도둑들 잡았다,김기환 기자,사회,224
세계일보,20240717,7,"""내가 찔렀다"" 16년 만에 잡힌 살인범의 자백…시흥 슈퍼마켓 살인 사건",박윤희 기자,사회,294
세계일보,20240717,8,“우리 부모님도 장사 접었어요”…‘사업 부진 탓’ 폐업 100만명 육박 [뉴스+],김기환 기자,경제,224
세계일보,20240717,9,"공원 걷던 노부부, 무면허 여고생들 킥보드에 ‘쾅’…부인 숨져",김수연 기자,사회,174
세계일보,20240717,10,카페 女직원 음료에 ‘체액 테러’…20대男 경찰에 자수,김현주 기자,사회,0
세계일보,20240718,1,만취 포르쉐에 운전연습하던 10대女 사망…또또 ‘김호중 술타기 수법’,김수연 기자,사회,174
세계일보,20240718,2,‘해삼 100kg’ 따 놓고 “전 스쿠버다이버~”… 수산물 도둑들 잡았다,김기환 기자,사회,224
세계일보,20240718,3,졸음운전 버스 시속 100km 돌진… 렌터카 여대생 4명 한 순간에 사망 ‘원통’ [그해 오늘],양다훈 기자,사회,211
세계일보,20240718,4,"20살 女동생, 전 남친에 찔려 숨졌는데…가해자측 “정신질환으로 심신미약” 주장 논란",김현주 기자,사회,0
세계일보,20240718,5,"유오성 둘째 형, 과기부 장관 후보 지명…셋째 형은 국회의원",박윤희 기자,정치,294
세계일보,20240718,6,"女학생에게 흉기 휘두른 뒤 투신, 수사 미궁 속으로…1년 전에도 유사 사건?",김현주 기자,사회,0
세계일보,20240718,7,"참을 수 없는 배 아픔… ""아빠 우리도 로또 사요"" [수민이가 응원해요]",김기환 기자,경제,224
세계일보,20240718,8,"“국정원 정보실패, 文정권서 아마추어 채워서”… 대통령실, 감찰·문책 검토 중",조병욱 기자,정치,103
세계일보,20240718,9,"""딸 별일 없길 바란다면"" 협박한 학부모, 이번엔 교사 ‘아동학대’로 고소",고예은 온라인 뉴스 기자 jolichiot@segye.com,사회,0
세계일보,20240718,10,‘물폭탄’ 수도권…150㎜ 더 온다 [날씨],김경호 기자,생활,247
세계일보,20240719,1,“8만원 가방 384만원에 팔다니”…디올·아르마니 ‘노동 착취’ 조사 착수,박윤희 기자,세계,294
세계일보,20240719,2,‘역사상 가장 높은 IQ’ 타이틀 한국인이 쥐었다… ‘IQ 276’ 김영훈은 누구?,김기환 기자,사회,224
세계일보,20240719,3,"유오성 둘째 형, 과기부 장관 후보 지명…셋째 형은 국회의원",박윤희 기자,정치,294
세계일보,20240719,4,"폭우로 출입 통제된 지하차도에 들어간 80대, 가까스로 구조",양다훈 기자,사회,211
세계일보,20240719,5,5살 아이의 “살려달라”는 애원에도…20분 이상 방치한 태권도 관장,김현주 기자,사회,0
세계일보,20240719,6,“일단 튀어!” 또또 ‘김호중 수법’ 뒤집힌 벤츠 두고 도망친 40대 5일 뒤 나타나…“음주 안했다”,김경호 기자,사회,247
세계일보,20240719,7,"쯔양 “탈세, 조건만남, 2차 등은 사실이 아니다”…2차 피해 호소",김현주 기자,사회,0
세계일보,20240719,8,“갑작스러운 폭우 걱정했는데…여고생 ‘천사’들이 다녀갔어요”,김현주 기자,사회,0
세계일보,20240719,9,‘복날 살충제 사건’ 경로당에 있던 용기서 검출… 수사 새 국면,이영균 기자,사회,226
세계일보,20240719,10,폭포수처럼 쏟아진 물폭탄… 2명 실종·1856명 대피,박지원 기자,사회,95
세계일보,20240720,1,"5살 중태 빠트린 태권도 관장 눈물…""내가 너무 예뻐하는 아이""",송동근 기자,사회,47
세계일보,20240720,2,"“다신 안 오고 싶어요”…‘전복·소라 5만원 바가지’ 노점, 횟집서 사와 되판 해산물이었다",김현주 기자,사회,0
세계일보,20240720,3,일행이 친 골프공에 30대女 영구실명…왜 캐디만 유죄? [사건 속으로],김수연 기자,사회,174
세계일보,20240720,4,"또 작심 폭로? 나경원 “제 것만 빼달라고 했나” 격앙, 한동훈 “네”…나, 동공지진 “날 모욕”",김경호 기자,정치,247
세계일보,20240720,5,전현희 “내 뺨 누가 때렸어?” [금주의 ‘눈살’],김기환 기자,정치,224
세계일보,20240720,6,‘쯔양 협박’ 연루 유튜버 카라큘라 영상 수십 개 지운 이유는? [사건수첩],김주영 기자,사회,62
세계일보,20240720,7,"“트럼프 물리 칠 것”…바이든, 대선후보 사퇴론 거듭 일축",김경호 기자,세계,247
세계일보,20240720,8,"‘싸이’ 과천 공연, 시작 1시간 안돼 중단…“관객 안전이 최우선”",김현주 기자,사회,0
세계일보,20240720,9,"“여보세요?” “…” 모르는 번호 전화, 절대 먼저 말하면 안 되는 이유",김수연 기자,사회,174
세계일보,20240720,10,‘김호중 술타기’ 속출… 사고 후 사라지는 음주 운전자들 [수민이가 고발해요],김기환 기자,사회,224
세계일보,20240721,1,"“185cm 허웅, 160cm 女 폭행·강간”…‘김호중 술타기 수법’ 성행 [금주의 사건사고]",김지호 기자,사회,179
세계일보,20240721,2,“이대로면 다들 군복 벗을 것” 군대 떠나는 군인들 ‘급증’ [박수찬의 軍],박수찬 기자,정치,81
세계일보,20240721,3,“나는 불행한데 남들은 행복해”… 대낮 서울 한복판 공포의 칼부림 [그해 오늘],양다훈 기자,사회,211
세계일보,20240721,4,“예쁘게 입으세요” 생일선물로 女 속옷 배달시킨 30대男…“몰래 축하해주고 싶었다”,김현주 기자,사회,0
세계일보,20240721,5,집안싸움된 연돈볼카츠 사태…전가협 “더본코리아가 점주단체 활동 방해”,김건호 기자,경제,82
세계일보,20240721,6,‘술타기’ 김호중 수법 안 통했다…음주사고 후 소주 2병 벌컥벌컥 결국 ‘유죄’,김경호 기자,사회,247
세계일보,20240721,7,하지 말란 건 다한 여고생 '킥라니'에 60대 부부 참변… '무쓸모' 된 PM 규제,안경준 기자,사회,87
세계일보,20240721,8,"“내 수박, 빗물에 다 잠겼네” 곡소리… 한 통 5만원 ‘수박 대란’ 또 오나? [수민이가 걱정해요]",김기환 기자,경제,224
세계일보,20240721,9,물 폭탄 쏟아지는데 태풍까지?…3호 ‘개미’ 발생 [날씨+],김기환 기자,생활,224
세계일보,20240721,10,"남친이랑 분위기 잡고 있었는데…“대변 눴냐” 일갈한 사장님, 왜?",이동준 기자,사회,137
세계일보,20240722,1,"“내 수박, 빗물에 다 잠겼네” 곡소리… 한 통 5만원 ‘수박 대란’ 또 오나? [수민이가 걱정해요]",김기환 기자,경제,224
세계일보,20240722,2,"국과수 ""브레이크 안 밟아""… 시청역 사고 운전자 ""급발진""",이정한 기자,사회,37
세계일보,20240722,3,지인이 해외서 가져온 비아그라 먹고 눈이 침침... 영구 시력저하 온다고? [건강+],정진수 기자,생활,43
세계일보,20240722,4,“실~례 실~례 합니다~” 코미디언 장두석 별세…향년 67세,이복진 기자,생활,89
세계일보,20240722,5,"‘바이든 사퇴하자마자’ 넝쿨째 굴러온 416억원… 美 민주, 해리스에 ‘희망’ 건다",김기환 기자,세계,224
세계일보,20240722,6,"‘시청역 역주행 사고’ 운전자, 국과수 결과에도…“급발진” 주장 고수",박윤희 기자,사회,294
세계일보,20240722,7,“이대로면 다들 군복 벗을 것” 군대 떠나는 군인들 ‘급증’ [박수찬의 軍],박수찬 기자,정치,81
세계일보,20240722,8,"‘해리스의 시간’이 왔다…미국 첫 여성대통령 도전, 카멀라 해리스는 누구?",김기환 기자,세계,224
세계일보,20240722,9,"“말년휴가였는데”…전동킥보드 타던 군인, 버스 치여 사망",강나윤 온라인 뉴스기자 kkang@segye.com,사회,0
세계일보,20240722,10,"바이든, 대선후보 사퇴하고 해리스 지지…美 대선구도 요동",박영준 기자,세계,57
세계일보,20240723,1,백화점 사과 한 개 15000원… 전통시장선 3개 묶음 1만원 [수민이가 화났어요],김기환 기자,경제,224
세계일보,20240723,2,"마당서 뛰던 몽골아이, 끓는 우유통에 ‘풍덩’… 국내 의료진 무상 치료로 회복",정진수 기자,사회,43
세계일보,20240723,3,“화 못 참아” 고속도로서 ‘17초 정차’…사망사고 낸 40대 징역 5년 확정,박윤희 기자,사회,294
세계일보,20240723,4,“실~례 실~례 합니다~” 코미디언 장두석 별세…향년 67세,이복진 기자,생활,89
세계일보,20240723,5,“공포 질린 울음소리 퍼지는데…아무도 안 말려” 장애학생 학부모 분노,김수연 기자,사회,174
세계일보,20240723,6,"“말년휴가였는데”…전동킥보드 타던 군인, 버스 치여 사망",강나윤 온라인 뉴스기자 kkang@segye.com,사회,0
세계일보,20240723,7,‘아샷추’만 마시면 화장실 직행…왜 그런가 봤더니 [건강+],박윤희 기자,생활,294
세계일보,20240723,8,바이든 사퇴 하루 만에 기부금 700억 원… “트럼프와 해볼 만하다”,김기환 기자,세계,224
세계일보,20240723,9,"어라, 트럼프 대세론 아니었나… 해리스와 지지율 2%차 초박빙",김기환 기자,세계,224
세계일보,20240723,10,"백종원, ‘연돈볼카츠 사태’ 직접 해명…“억울해 분통 터져. 선한 기업 죽이지 말라”",김현주 기자,경제,0
세계일보,20240724,1,"“고맙다, 나는 할 만큼 다했다” 김민기 영면… 설경구·황정민 등 눈물로 작별",이강은 기자,생활,51
세계일보,20240724,2,‘전 남친 성폭행’ 세탁기 뚜껑은 다 보고 있었다,김현주 기자,사회,0
세계일보,20240724,3,“화 못 참아” 고속도로서 ‘17초 정차’…사망사고 낸 40대 징역 5년 확정,박윤희 기자,사회,294
세계일보,20240724,4,"44% vs 42%, ‘구원투수’가 트럼프 밀어냈다… 해리스, 가상대결서 승리",김기환 기자,세계,224
세계일보,20240724,5,"270만원어치 고기 ‘노쇼’ 당한 업주, 고소 검토…“어떻게 처분해야 할지 모르겠다”",김현주 기자,사회,0
세계일보,20240724,6,“여기 있는 거 다 주세요”…침수 피해 마을 찾아 1억 쏜 유튜버,박윤희 기자,사회,294
세계일보,20240724,7,"[단독] ‘성심당’서 사용한 적 없다던 이진숙, 100만원 넘게 법인카드로 결제",윤준호 기자,정치,60
세계일보,20240724,8,"""윙 소리도 안 난다""… 북한서 넘어온 말라리아모기 확산 [수민이가 걱정해요]",김기환 기자,사회,224
세계일보,20240724,9,"'아내 살해' 미국 변호사, 구치소서 쓰러져… 무슨 일?",김기환 기자,사회,224
세계일보,20240724,10,"""아빠 살려줘"" 문자 남기고 태안서 사라진 20대 여성, 숨진 채 발견",김지수 온라인 뉴스 기자 jisu@segye.com,사회,0
세계일보,20240725,1,"“직원 4명에 영업적자 7억”…홍진영, 코스닥 상장 가능할까?",김기환 기자,경제,224
세계일보,20240725,2,女중생 제자를 40차례…학원강사 “진심으로 좋아했다”,김현주 기자,사회,0
세계일보,20240725,3,다세대주택 옥상서 북한 오물풍선 ‘펑’…잔해에서 기폭 장치 흔적 나와,송동근 기자,사회,47
세계일보,20240725,4,"""아빠 살려줘"" 문자 남기고 태안서 사라진 20대 여성, 숨진 채 발견",김지수 온라인 뉴스 기자 jisu@segye.com,사회,0
세계일보,20240725,5,"“쯔양 과거 폭로한 적 없다” 전 남친, 유서 남겨",이동준 기자,사회,137
세계일보,20240725,6,"김건희, 명품백 논란 첫 사과…“심려 끼쳐 국민들에게 죄송”",김기환 기자,정치,224
세계일보,20240725,7,"“고맙다, 나는 할 만큼 다했다” 김민기 영면… 설경구·황정민 등 눈물로 작별",이강은 기자,생활,51
세계일보,20240725,8,"올림픽 축구 첫 경기, 초유의 난장판… “성난 관중, 필드까지 뛰어들었다”",김기환 기자,세계,224
세계일보,20240725,9,교통사고로 발목 절단…80분 병원 ‘뺑뺑이’ 돌다 70대 환자 숨져,김동욱 기자,사회,69
세계일보,20240725,10,"[단독] ‘성심당’서 사용한 적 없다던 이진숙, 100만원 넘게 법인카드로 결제",윤준호 기자,정치,60
세계일보,20240726,1,"“유아인, 8살 연하男 ‘동성 성폭행’ 혐의 입건” vs “고소 내용 사실 아니다” 즉각 부인",김현주 기자,사회,0
세계일보,20240726,2,속초 여행 온 모녀 갑자기 덮친 후진 차량…딸 숨져,김수연 기자,사회,174
세계일보,20240726,3,"70대 노부부, 아파트서 사망...“50만원대 기초연금 받아 생활한 듯”",김현주 기자,사회,0
세계일보,20240726,4,결혼 앞둔 예비신부 ‘날벼락’…‘넥 워머’ 폭발로 입술‧얼굴 화상,김수연 기자,사회,174
세계일보,20240726,5,30대 동탄맘 “4살 딸에 티파니 목걸이·몽클레르 재킷 입힌다”…외신도 놀란 韓 명품 소비,박윤희 기자,세계,294
세계일보,20240726,6,6살 딸 앞에서 숨진 엄마…“갑자기 母 잃은 유치원생 심리적 충격받아 치료중”,김현주 기자,사회,0
세계일보,20240726,7,"김건희, 명품백 논란 첫 사과…“심려 끼쳐 국민들에게 죄송”",김기환 기자,정치,224
세계일보,20240726,8,"선수단 물건 훔치고, 관광객 집단 성폭행도… 파리올림픽, 안전한가?",김기환 기자,세계,224
세계일보,20240726,9,법정서 내내 울먹인 김혜경…“꼬투리 잡힐까 항상 긴장하며 살았는데”,김수연 기자,사회,174
세계일보,20240726,10,“자던 중 성폭행당했다” 30대男 고소…유아인 측 “사실 아냐”,김수연 기자,사회,174
세계일보,20240727,1,"유아인, 남성 2명과 함께 있었다…오전 6시~오후 4시 사이 무슨 일이",김수연 기자,사회,174
세계일보,20240727,2,"“초5, 가위로 친구 귓불을…아파하는데 ‘깔깔’ 웃고 있었다”",김현주 기자,사회,0
세계일보,20240727,3,첫 재판서 눈물보인 강남역 ‘여친 살해’ 의대생…“평소 모범적. 정신감정 요청”,김현주 기자,사회,0
세계일보,20240727,4,결혼 앞둔 예비신부 ‘날벼락’…‘넥 워머’ 폭발로 입술‧얼굴 화상,김수연 기자,사회,174
세계일보,20240727,5,최민희 “이진숙 뇌 구조에 문제”…추미애 “김건희 여사가 검사 소환” [금주의 말말말],이강은 기자,정치,51
세계일보,20240727,6,"“주먹에 맞아 코뼈 부러져, 1시간 넘게 수술받아”…태권도장 또 아동학대 의혹",김현주 기자,사회,0
세계일보,20240727,7,80만원 뿌린 뒤…일산 호수공원 뛰어든 40대 남성 사망,김수연 기자,사회,174
세계일보,20240727,8,“고기가 없다고?” 선수촌 불만 폭발…한국 대표팀 식단 보니,김수연 기자,세계,174
세계일보,20240727,9,"3살 딸 앞에서 처가 식구들과 몸싸움…폭력 당한 아빠도 “책임 있다”, 왜?",박윤희 기자,사회,294
세계일보,20240727,10,최민희 “저와 싸우려 하시면 안 된다” [금주의 ‘눈살’],김기환 기자,정치,224
세계일보,20240728,1,"“어머, 지금 웃음이 나와요?”…결국 ‘성심당 포인트’ 제출 거부한 이진숙",김수연 기자,정치,174
세계일보,20240728,2,“고기가 없다고?” 선수촌 불만 폭발…한국 대표팀 식단 보니,김수연 기자,세계,174
세계일보,20240728,3,"유아인, 남성 2명과 함께 있었다…오전 6시~오후 4시 사이 무슨 일이",김수연 기자,사회,174
세계일보,20240728,4,"14억 → 4억, 13억 → 7억...“엄마, ‘로또 청약’이 뭐예요”[수민이가 궁금해요]",김기환 기자,경제,224
세계일보,20240728,5,"세계랭킹 1위 때도 해내지 못했던 오상욱의 올림픽 개인전 금메달, 두 번의 큰 부상으로 시련 겪은 뒤에 찾아왔다",남정훈 기자,세계,195
세계일보,20240728,6,‘전 남친 성폭행’ 세탁기 뚜껑이 보고 있었다…모녀 덮친 후진 차량 [금주의 사건사고],김지호 기자,사회,179
세계일보,20240728,7,"“경찰 신고 말라며 무릎끓고 빌더니”…오토바이 몰다 접촉사고 낸 10대, 운전자 매달고 도주 시도",김현주 기자,사회,0
세계일보,20240728,8,음주사고 내고 사라졌다 30분 뒤 돌아와서는…“증거 있어요?”,김현주 기자,사회,0
세계일보,20240728,9,“가해자 11번 신고해도 경찰이 풀어줘”…제2의 쯔양 막으려면 [범죄열전],윤준호 기자,사회,60
세계일보,20240728,10,"‘한국→북한’, ‘오상욱→오상구’… “IOC 왜 그래?” [수민이가 화났어요]",김기환 기자,세계,224
세계일보,20240729,1,"법정도 술렁술렁…롤스로이스男, 항소심서 형량 절반 깎인 이유 [사건 속으로]",김수연 기자,사회,174
세계일보,20240729,2,"올림픽에선 미국 ‘드림팀’보다 높은 위상...한국 여자 양궁, 올림픽 10연패 대위업 달성",남정훈 기자,세계,195
세계일보,20240729,3,“당첨만 되면 최소 10억 돈방석”…‘‘로또보다 더 로또 청약’ 줄줄이 뜬다,김경호 기자,경제,247
세계일보,20240729,4,‘또 실수?’ 태극기 자리에 중국 오성기…파리올림픽 한국 수난시대 ‘계속’ [수민이가 화났어요],김기환 기자,세계,224
세계일보,20240729,5,"“로또? 담배나 사라” 한마디에...핀잔 분개, 80대 죽을 때까지 때린 20대",김현주 기자,사회,0
세계일보,20240729,6,“대기 308시간·대기자 110만명”…‘로또보다 더 로또’ 청약홈 ‘마비’ 난리났다,김경호 기자,경제,247
세계일보,20240729,7,‘아령 묶인 시신’ 거주 고시원 갔더니…‘청소 부탁합니다’ 메모 발견,강나윤 온라인 뉴스기자 kkang@segye.com,사회,0
세계일보,20240729,8,"왜 이리 올림픽 무대는 황선우에게 잔인한가...자유형 200m에서 2020 도쿄에선 최종 7위, 2024 파리는 준결승 탈락",남정훈 기자,세계,195
세계일보,20240729,9,‘0.1점 차’ 국민들 들었다 놨다... 16세 ‘金 빛’ 스나이퍼 반효진 일냈다,김경호 기자,세계,247
세계일보,20240729,10,삼성 전략 통했다… 올림픽 시상대마다 보이는 ‘갤Z 플립6’,이동수 기자,경제,61
세계일보,20240730,1,“저질스럽다” 발끈한 ‘사격황제’ 진종오…때아닌 올림픽 해설 논란,김수연 기자,정치,174
세계일보,20240730,2,12세女 ‘멍’자국 이상하게 여긴 보건교사 직감 빛났다,김현주 기자,사회,0
세계일보,20240730,3,"제주도 갈 돈이면 일본 간다?… 실제 여행비, 일본이 제주도 2.2배",임성준 기자,사회,77
세계일보,20240730,4,시험관시술로 결혼 10년만에 낳은 3살 아이였는데…부모 농사일 나간 사이 ‘참변’,김현주 기자,사회,0
세계일보,20240730,5,치킨값 먼저 올린 교촌 ‘함박웃음’?…육계 가격은 '하락세' [뉴스+],김기환 기자,경제,224
세계일보,20240730,6,"부모도 말리지 못했던 독립운동가의 5대손 허미미의 한국行, 올림픽 은메달로 ‘해피엔딩’ [파리 2024]",남정훈 기자,세계,195
세계일보,20240730,7,‘태권도장 5세 학대사망 사건’ 어머니의 울분…“살인자로 평생을 감옥에서 보내길”,김현주 기자,사회,0
세계일보,20240730,8,배 부풀고 코피 흘리는데…30대女 손발 묶은 ‘유명 정신과 의사’ 병원,김수연 기자,사회,174
세계일보,20240730,9,은메달인데 맨 아래 게양된 프랑스 국기… 실수 연발 올림픽,박지원 기자,세계,95
세계일보,20240730,10,여친 머리 바리캉으로 밀고 소변 본 20대男 ‘대폭 감형’…왜?,김현주 기자,사회,0
세계일보,20240731,1,“최선을 다한 그대가 진정한 금메달 주인공입니다”… 36년 만에 올림픽 단체전에 출전한 체조 여자대표팀의 ‘투혼’,김기환 기자,세계,224
세계일보,20240731,2,"‘은평 살인사건의 비극’ 40대男, 찔린 몸 이끌고 “제발 신고 좀” 외쳤지만…",김현주 기자,사회,0
세계일보,20240731,3,화제의 김예지 ‘사격 포스’ 뭐길래…머스크도 “영화 캐스팅하자”,박지원 기자,세계,95
세계일보,20240731,4,"‘삐약이’ 신유빈은 임종훈의 ‘합법적 병역 브로커’였다… 임종훈-신유빈, 혼합복식 동메달로 12년 만에 한국 탁구에 올림픽 메달 선물",남정훈 기자,세계,195
세계일보,20240731,5,"의식 없는 아내, 조수석 태운 뒤 옹벽 들이받아 사고사 위장…육군 부사관, 징역 35년형 확정",김지수 온라인 뉴스 기자 jisu@segye.com,사회,0
세계일보,20240731,6,한국 수영의 ‘황금세대’는 허상이었나… ‘진짜 경쟁력’ 검증하는 2024 파리 계영 800m에서 6위로 고개를 숙였다,남정훈 기자,세계,195
세계일보,20240731,7,여친 머리 바리캉으로 밀고 소변 본 20대男 ‘대폭 감형’…왜?,김현주 기자,사회,0
세계일보,20240731,8,"엉망진창 파리…선수들 도난 피해에 숙소도 아우성 “커튼 없는 창문, 다 보여”",이현미 기자,세계,56
세계일보,20240731,9,"접촉사고 내고 홀연히 사라진 男, 자택서 돌연 ‘추락사’…30분간 무슨 일이?",김현주 기자,사회,0
세계일보,20240731,10,‘역대급 청약 로또’ 신기록 ‘동탄역 롯데캐슬’…294만 명 몰렸다,김경호 기자,경제,247
세계일보,20240801,1,'보고도 안 믿겨'…세계가 놀란 '올림픽 인생샷' [2024 파리],김기환 기자,세계,224
세계일보,20240801,2,“예의 바른 삐약이” 인터뷰 직후 취재진 챙기는 모습에 팬들 또 반했다,박윤희 기자,세계,294
세계일보,20240801,3,"美 민주당 지지층, 트럼프 적수로 바이든에 ‘우∼’하다 해리스에 ‘와∼’",이강은 기자,세계,51
세계일보,20240801,4,여성 혼자 사는 집 몰래 들어가 '음란행위'…범인 잡고 보니 '윗집 아이 아빠',박윤희 기자,사회,294
세계일보,20240801,5,인천 아파트서 전기차 연기 뿜더니 폭발… 영유아 등 16명 연기 흡입,강승훈 기자,사회,71
세계일보,20240801,6,4살 친딸 성폭행한 나쁜 아빠…아내 신고로 덜미,이동준 기자,사회,137
세계일보,20240801,7,"여친 감금 후 엽기적 행각…“우리 집 돈 많아, 변호사 사서 길어야 1~2년”",김현주 기자,사회,0
세계일보,20240801,8,예비신랑에 신부 피살 사진 전송 후 스스로 목숨 끊은 50대,윤솔 기자,사회,69
세계일보,20240801,9,“우리 애 왕따당할 동안 뭐했어?”…2년간 교사 4명 고소·협박한 학부모,김수연 기자,사회,174
세계일보,20240801,10,‘씬스틸러’ 도경동의 ‘7바우트 5-0 퍼펙트’가 있었기에 사브르 단체전 3연패가 가능했다… 도경동 “내가 어떤 놈인지 보여줘서 기쁘다”,남정훈 기자,세계,195
세계일보,20240802,1,‘9명 사망’ 시청역 역주행 참사…“5초 전부터 브레이크 작동되지 않았다”,김현주 기자,사회,0
세계일보,20240802,2,중계카메라에 딱 잡힌 ‘삐약이’ 먹방… ‘오물오물’ 경기 전 뭘 먹나 봤더니,김기환 기자,세계,224
세계일보,20240802,3,청약홈 마비시켰던 ‘동탄 로또’는 누구 손에,백소용 기자,경제,113
세계일보,20240802,4,"‘복날 살충제 음독’ 숨진 할머니, 입원 전 은행서 재산 찾아 가족에 전달 [사건수첩]",김덕용 기자,사회,168
세계일보,20240802,5,민주당에 ‘집값 폭등’ 지적받은 尹정부… 유승민 “집값 못 잡으면 끝장” [뉴스+],이현미 기자,정치,56
세계일보,20240802,6,"결혼 앞두고 숨진 女, 예비신랑에 범행사진 보낸 男…“여친 핸드폰 다른 남자가 받으니 신고”",김현주 기자,사회,0
세계일보,20240802,7,"‘일본도 살해’ 30대 피의자, 갑자기 마스크 내리더니…“멀쩡한 정신으로 범행”",김현주 기자,사회,0
세계일보,20240802,8,새벽 지하보도서 청소하던 女미화원 피살…70대 노숙자 조사 중,김수연 기자,사회,174
세계일보,20240802,9,하반신 마비 장애인 휠체어 ‘상습 펑크테러’ 30대男 잡혔다,김현주 기자,사회,0
세계일보,20240802,10,예비신랑에 신부 피살 사진 전송 후 스스로 목숨 끊은 50대,윤솔 기자,사회,69
세계일보,20240803,1,"70대男, 가마솥 사체 ‘고라니’ 발뺌하더니…목 졸라 죽인 이웃집 ‘반려견’이었다",김현주 기자,사회,0
세계일보,20240803,2,"‘복날 살충제 음독’ 숨진 할머니, 입원 전 은행서 재산 찾아 가족에 전달 [사건수첩]",김덕용 기자,사회,168
세계일보,20240803,3,"일행 3명 망보는 사이 성폭행…현직 구의원, 구속영장 기각",김수연 기자,사회,174
세계일보,20240803,4,‘파리 올림픽’ 특별한 장면 ‘시상대 셀카’…이재용의 삼성 ‘함박웃음’ [파리 2024],김기환 기자,경제,224
세계일보,20240803,5,계단만 올라도 무릎이 ‘시큰’…매일 하는 ‘이 습관’ 당장 멈춰야 [건강+],박윤희 기자,생활,294
세계일보,20240803,6,“유독 한국인만 급발진 주장”… 제조사 책임론 힘 빠지나 [뉴스+],윤준호 기자,사회,60
세계일보,20240803,7,“선수 한 명이 매일 2개씩”…파리 올림픽 ‘콘돔’ 수량 무려,김지호 기자,세계,179
세계일보,20240803,8,딸 잃은 엄마 “조각칼로 심장 도려내는 것처럼 마음 아프다” [그해 오늘],양다훈 기자,사회,211
세계일보,20240803,9,"‘아뿔사! 0점…’ 2024 파리 올림픽 최고 ‘밈스타’로 떠오른 사격 김예지, 주종목 25m 권총에서 0점 쏘며 결선 진출 실패",남정훈 기자,세계,195
세계일보,20240803,10,하늘에 계신 어머니 휴대폰엔 ‘금메달 리스트’…정나은 사연에 ‘울컥’,김지호 기자,세계,179
세계일보,20240804,1,"다시 늘어나는 코로나에…""맛있게 드세요""가 불편한 사람도 있다 [수민이가 화났어요]",김기환 기자,사회,224
세계일보,20240804,2,“항문·발가락 없는 아이 낳는 것이 일상”…북한서 퍼지는 ‘유령병’,김기환 기자,정치,224
세계일보,20240804,3,폭염 속 ‘6번 출동’…화장실서 쓰러진 소방관 끝내 숨져,김동욱 기자,사회,69
세계일보,20240804,4,예비신부 살해 후 예비신랑에 범행사진 보내…무인 세탁방에서 ‘야식 파티’ [금주의 사건사고],김지호 기자,사회,179
세계일보,20240804,5,‘복날 살충제 사건’ 발생 20일…유력 용의자 어떻게 좁혀졌나?,김현주 기자,사회,0
세계일보,20240804,6,휴가철 친척집 찾은 삼남매 ‘음주운전 차량’ 탑승했다 참변,김동욱 기자,사회,69
세계일보,20240804,7,"‘金 5개 목표’ 겸손이었다… 팀 코리아, 역대 최다 올림픽 금메달 정조준 [파리 2024]",정필재 기자,세계,78
세계일보,20240804,8,시상대 가장 높은 곳에서 ‘바늘구멍’ 세리머니… 여자 양궁 ‘3관왕’ 임시현 “이제 목표는 롱런… 우진 오빠 같은 선수 되고 싶어”,남정훈 기자,세계,195
세계일보,20240804,9,울지않고 담담히 패배를 받아들인 ‘삐약이’…신유빈 “이게 현재 나의 최선이자 실력… 더 노력하겠다”,남정훈 기자,세계,195
세계일보,20240804,10,‘금메달까지 단 1승 남았다’ 안세영 “INFJ라서 시상대 위 세리머니 상상에 몸이 굳기도 해”,남정훈 기자,세계,195
세계일보,20240805,1,"“남자는 집, 여자는 혼수 요즘은 아냐”…미혼남녀가 상대에게 바라는 결혼 자금은?",박윤희 기자,경제,294
세계일보,20240805,2,3일 전 세워둔 차에서 왜 갑자기 불이?…‘인천 전기차 화재 사건’ 의문 증폭,김현주 기자,사회,0
세계일보,20240805,3,"'미성년자 성추행' 박명수 전 감독, 中 농구팀 코치로 파리올림픽 참여",안경준 기자,세계,87
세계일보,20240805,4,호텔 스위트룸서 '마약 동아리'…명문대 300명 회원 무더기 적발,김기환 기자,사회,224
세계일보,20240805,5,"‘시청역 참사’ 한 달만에 또…50대 운전자 “급발진” 주장, 인도 덮쳐 1명 사망",김경호 기자,사회,247
세계일보,20240805,6,“항문·발가락 없는 아이 낳는 것이 일상”…북한서 퍼지는 ‘유령병’,김기환 기자,정치,224
세계일보,20240805,7,"伊 미남 수영선수, 숙소 공원에서 낮잠…“에어컨 없고 잠은 안 오고”",김지호 기자,세계,179
세계일보,20240805,8,"‘파리의 여왕’이 된 날, 안세영은 협회에 직격탄을 던졌다…“자유라는 이름으로 방임하고 있다”",남정훈 기자,세계,195
세계일보,20240805,9,‘올림픽 여자 단식 챔피언’ 안세영의 ‘폭탄발언’ “내 무릎 상태를 안일하게 본 대표팀에 실망...현재의 대표팀과는 계속 하기 힘들어”,남정훈 기자,세계,195
세계일보,20240805,10,폭염 속 ‘6번 출동’…화장실서 쓰러진 소방관 끝내 숨져,김동욱 기자,사회,69
세계일보,20240806,1,"""생활비 아끼려다""…휴지조각 된 해피머니에 구매자 분통 [뉴스+]",김기환 기자,경제,224
세계일보,20240806,2,"명문대생 동아리, 마약 취해 ‘집단 성관계’ 즐겼나?",김현주 기자,사회,0
세계일보,20240806,3,"안산, 임시현 축하했다 ‘날벼락’…방송사는 안산 지우기·재소환",김수연 기자,세계,174
세계일보,20240806,4,"‘시청역 참사’ 한 달만에 또…50대 운전자 “급발진” 주장, 인도 덮쳐 1명 사망",김경호 기자,사회,247
세계일보,20240806,5,28년 만에 후계자 만나게 된 ‘전설’ 방수현 “협회의 선수 보호 변화 필요해”...안세영의 협회 향한 직격탄에 힘 실어줬다,남정훈 기자,세계,195
세계일보,20240806,6,김예지 “아이에게 부끄럽지 않아야 한다는 책임감… 사격 인생은 끝나지 않았다”,김동환 기자,세계,185
세계일보,20240806,7,‘전기차 화재’ 아파트 주민에 순댓국 300인분 나눔…불탄 차량 무료세차 온정 빛났다,김현주 기자,사회,0
세계일보,20240806,8,호텔 스위트룸서 '마약 동아리'…명문대 300명 회원 무더기 적발,김기환 기자,사회,224
세계일보,20240806,9,또 주차 중 ‘활활’…잇따른 전기차 화재에 공포 확산,김정모 기자,사회,99
세계일보,20240806,10,인천 지하주차장 ‘벤츠 전기차’ 화재 배터리는 中 ‘파라시스’ 제품...리콜 이력도,김경호 기자,사회,247
세계일보,20240807,1,"“아기 엄마, 그 흔한 신용카드 하나 없이 살았는데”…1명 숨지게 한 운전자 ‘급발진’ 주장",김현주 기자,사회,0
세계일보,20240807,2,“어머니를 40년간 팼다”…父 흉기로 살해한 아들,김현주 기자,사회,0
세계일보,20240807,3,“나는 불행한데 뭐가 그리 즐거울까”… ‘웃음소리’ 단란한 이웃집에 칼부림 [그해 오늘],양다훈 기자,사회,211
세계일보,20240807,4,컵라면 내온 여비서관에 “이 일 하고 싶나?”…김동연 호통 논란,김기환 기자,사회,224
세계일보,20240807,5,“말하지 말라 해서 기자회견 불참”… 안세영의 ‘씁쓸한 귀국길’ [파리 2024],김기환 기자,세계,224
세계일보,20240807,6,[단독] 서울 반지하서 30대 쓸쓸한 죽음… 짙어진 ‘청년 고독사’ 그림자,이규희 기자,사회,52
세계일보,20240807,7,"김건희 여사, 휴가 중 부산 깜짝 방문… 전통시장도 찾아",이현미 기자,정치,56
세계일보,20240807,8,"“사범들 ‘꺼내주자’ 말에도”…‘5세 사망’ 태권도관장, 아동학대 살해 혐의 구속기소",강나윤 온라인 뉴스 기자 kkang@segye.com,사회,0
세계일보,20240807,9,"“병장 월급, 내년부터 200만원까지 오를 듯”…‘초급 간부’와 비슷해지나?",김현주 기자,정치,0
세계일보,20240807,10,"“선수 본인의 불참 의사”라던 안세영의 메달리스트 기자회견, 협회가 막았나?… 안세영 “딱 기다리라고만 해서 저도 어쩔 수 없이…”",남정훈 기자,세계,195
세계일보,20240808,1,“우리 누나 성추행” 옛 스승 찌른 20대…“은혜 원수로 갚아” 반성 [사건 속으로],김수연 기자,사회,174
세계일보,20240808,2,박태준 비매너 논란에 “포기하지 않는 상대에 대한 예의… 심판 판정 전까지 최선 다해야”,정필재 기자,세계,78
세계일보,20240808,3,용변 실수했다며 4살 딸 복부 걷어찬 아빠…“가히 충격적” 재판부도 탄식,김현주 기자,사회,0
세계일보,20240808,4,“나 장교인데” 700만원어치 도시락 주문 후 잠적…경찰 수사 착수,박윤희 기자,사회,294
세계일보,20240808,5,[단독] 서울 반지하서 30대 쓸쓸한 죽음… 짙어진 ‘청년 고독사’ 그림자,이규희 기자,사회,52
세계일보,20240808,6,"백기 든 ‘따릉이 폭주족 연맹’ ""“너무 부끄럽다…벌 받을 것”",강나윤 온라인 뉴스 기자 kkang@segye.com,사회,0
세계일보,20240808,7,"연세대, 조국 아들 석사학위 취소… 대법 “최강욱 발급한 인턴 증명서는 허위”",김기환 기자,정치,224
세계일보,20240808,8,"삼성 갤럭시폰 받은 北 선수단… ""대북제재 위반 가능성""",김기환 기자,정치,224
세계일보,20240808,9,"김건희 여사, 6·7일 이틀 연속 부산 탐방…근현대역사관 관람",이현미 기자,정치,56
세계일보,20240808,10,"안세영, SNS로 “올림픽 모두 다 끝나고 생각, 입장 밝히겠다”… 결국 선택은 여론전과 법정싸움일까",남정훈 기자,세계,195
세계일보,20240809,1,"“안세영 눈높이, 손흥민·김연아 수준”…협회 발언 파장",김수연 기자,세계,174
세계일보,20240809,2,"“김어준, 가능한 모든 수단으로 책임 추궁할 것”… ‘폐국 위기’의 TBS",김기환 기자,사회,224
세계일보,20240809,3,이번엔 진짜?…日 ‘난카이 대지진’ 공포에 휩싸인 일본,이동준 기자,세계,137
세계일보,20240809,4,11살 제자 이어 엄마까지 성추행…유명 국악인 법정구속,김수연 기자,사회,174
세계일보,20240809,5,사격 김예지 실신… 회견 중 경련 일으키며 쓰러져 ‘깜짝’,김동욱 기자,세계,69
세계일보,20240809,6,"'대동맥 명의' 주석중 교수 숨지게 한 트럭기사, 무죄 주장했지만…",김현주 기자,사회,0
세계일보,20240809,7,"[속보] 벤츠, 인천 전기차 화재 피해 주민에 45억원 기부",이동준 기자,사회,137
세계일보,20240809,8,숨진 권익위 간부 “수뇌부가 ‘명품백 사건’ 종결 밀어붙여 힘들다” 지인에 토로,김현주 기자,사회,0
세계일보,20240809,9,"""손흥민 3000만원 결제""…헛소문 퍼뜨린 클럽 직원들 고소당해",김기환 기자,사회,224
세계일보,20240809,10,"[속보] 사격 은메달 김예지, 기자회견 중 쓰러져",김지호 기자,세계,179
세계일보,20240810,1,"10대들, 목욕가운 입고 지하주차장에?…CCTV 지켜보던 경비원의 촉 빛났다",김현주 기자,사회,0
세계일보,20240810,2,아기 있으니 빨리 와달란 구조 요청에도…“스프링클러 작동 인위적으로 중단”,김현주 기자,사회,0
세계일보,20240810,3,"“안세영 눈높이, 손흥민·김연아급” 역풍 맞은 협회 해명 [금주의 ‘눈살’]",김기환 기자,세계,224
세계일보,20240810,4,하늘서 떨어진 대형견… 엄마와 산책하던 세살 여아 깔려 숨져,박윤희 기자,세계,294
세계일보,20240810,5,"'대동맥 명의' 주석중 교수 숨지게 한 트럭기사, 무죄 주장했지만…",김현주 기자,사회,0
세계일보,20240810,6,"“김어준, 사재 털어서라도 우리 도와야”… TBS 결국 문 닫을까 [주말, 특별시]",김주영 기자,사회,62
세계일보,20240810,7,[속보] 일본 홋카이도 북북동쪽 바다서 규모 6.8 지진 발생,박윤희 기자,세계,294
세계일보,20240810,8,중요한 순간 中 관중석 ‘플래시’ 방해…그래도 ‘삐약이’ 신유빈은 웃었다,박윤희 기자,세계,294
세계일보,20240810,9,"휴가 중 “도와주세요” 들은 소방관, 딸 앞에서 귀중한 생명 구해 [영상]",구윤모 기자,사회,64
세계일보,20240810,10,“탑승구 잘못 찾아 살았다”… 추락 비행기 놓친 ‘천운’이 내린 승객들,김기환 기자,세계,224
세계일보,20240811,1,"""오늘 죽는구나 싶었다""… 도심 한복판서 들개 사냥감 된 인간들 [뉴스+]",김기환 기자,사회,224
세계일보,20240811,2,"“행인들이 소리 질러 무슨 일 있구나 생각”…앉아 쉬던 70대男, 차에 치여 숨졌다",김현주 기자,사회,0
세계일보,20240811,3,멍키스패너로 마구 폭행…전남친 母 “네가 이해해라” [사건 속으로],김수연 기자,사회,174
세계일보,20240811,4,'20명 사망·56만 폐사'… 그만 더워져라 '이러다 다 죽어' [날씨+],김기환 기자,사회,224
세계일보,20240811,5,"방수현 ""누가 국가대표 하라 등 떠밀었나""… 거세지는 안세영 때리기",채명준 기자,세계,70
세계일보,20240811,6,"안마시술소서 방 청소, 손님에게 라면 끊여주던 이들 ‘징역형’ 왜?",김현주 기자,사회,0
세계일보,20240811,7,‘통곡의 벽’ 2m31 넘지 못하고 7위 그친 ‘스마일 점퍼’…우상혁 “감독님 생각만 하면 눈물이 나...4년 뒤 LA 도전”,남정훈 기자,세계,195
세계일보,20240811,8,"‘전설의 비보이’도 세월의 무게 앞엔 장사가 없었다…홍텐, 브레이킹 조별리그 탈락 ‘고배’",남정훈 기자,세계,195
세계일보,20240811,9,"잇따른 화재 공포에…현대차·제네시스, 전기차 13종 배터리 제조사 첫 공개",김기환 기자,경제,224
세계일보,20240811,10,안세영 참고 있는데… 사태 키우는 이기흥∙방수현 '체육계 어른들',장한서 기자,세계,101
세계일보,20240812,1,"""오늘 죽는구나 싶었다""… 도심 한복판서 들개 사냥감 된 인간들 [뉴스+]",김기환 기자,사회,224
세계일보,20240812,2,"국민연금 고갈되기 전에... ""손해 보더라도 빨리 타먹자"" [뉴스+]",김기환 기자,경제,224
세계일보,20240812,3,지리산서 곰 피하려다 바위에 쾅.... 간신히 살아남은 60대,김선덕 기자,사회,57
세계일보,20240812,4,"“평소 예뻐하던 아이”…檢, 30대 태권도장 관장의 ‘살해 고의성’ 입증할 수 있을까?",김현주 기자,사회,0
세계일보,20240812,5,손님이 호감 보이자…“할아버지 장례식 비용 없다” 거짓말로 돈 뜯은 20대女,김현주 기자,사회,0
세계일보,20240812,6,"칼 빼든 문체부 ""배드민턴협회 즉시 조사… 보조금 71억 운영 실태까지 살핀다""",김기환 기자,세계,224
세계일보,20240812,7,“중국산은 말이 없다” 전기차 배터리 공개에 침묵하는 수입차 업계,이동준 기자,경제,137
세계일보,20240812,8,"‘역도 요정’ 박혜정 “현무 삼촌, 중계 고마워요”…전현무 “4년 뒤 LA에서도 혜정이 금메달 중계 하고파”",남정훈 기자,세계,195
세계일보,20240812,9,안세영 겨냥?…“선수는 지도자 명령에 복종해야”,김기환 기자,세계,224
세계일보,20240812,10,“추월을 안 하네...?” 경찰차 뒤에서 주행하다가 ‘무면허 운전’ 들통,박가연 온라인 뉴스 기자 gpy19@segye.com,사회,0
세계일보,20240813,1,"“언제, 2000만원이 넘게 떨어졌어”… 전기차 눈물의 ‘폭탄 세일’",김기환 기자,경제,224
세계일보,20240813,2,[단독] “김택규 배드민턴협회장 갑질·폭언” 폭로 나왔다,장한서 기자,사회,101
세계일보,20240813,3,“추월을 안 하네...?” 경찰차 뒤에서 주행하다가 ‘무면허 운전’ 들통,박가연 온라인 뉴스 기자 gpy19@segye.com,사회,0
세계일보,20240813,4,“니가 왜 거기서 나와?”… 동해에서 이틀 연속 발견된 큰바다사자,이보람 기자,사회,11
세계일보,20240813,5,지리산서 곰 피하려다 바위에 쾅.... 간신히 살아남은 60대,김선덕 기자,사회,57
세계일보,20240813,6,"국민연금 고갈되기 전에... ""손해 보더라도 빨리 타먹자"" [뉴스+]",김기환 기자,경제,224
세계일보,20240813,7,日 ‘난카이 대지진’ 공포…외국인은 “어떡해” 발 동동·“8월 15일 발생” 가짜 뉴스도,이동준 기자,세계,137
세계일보,20240813,8,北 오물 풍선에 이제 ‘화재’까지… “이러다 더 큰 재앙 오나”,김기환 기자,정치,224
세계일보,20240813,9,‘난카이 대지진’ 경고에 태풍 3개 상륙 전망…떨고 있는 일본,이동준 기자,세계,137
세계일보,20240813,10,교회 ‘학대사망’ 女고생 가해 신도들 “손·발 결박은 보호조치” 주장,김현주 기자,사회,0
